order_id,product_id,add_to_cart_order,reordered
2,33120,1,1
2,28985,2,1
2,9327,3,0
2,45918,4,1
2,30035,5,0
2,17794,6,1
2,40141,7,1
2,1819,8,1
2,43668,9,0
3,33754,1,1
3,24838,2,1
3,17704,3,1
3,21903,4,1
3,17668,5,1
3,46667,6,1
3,17461,7,1
3,32665,8,1
4,46842,1,0
4,26434,2,1
4,39758,3,1
4,27761,4,1
4,10054,5,1
4,21351,6,1
4,22598,7,1
4,34862,8,1
4,40285,9,1
4,17616,10,1
4,25146,11,1
4,32645,12,1
4,41276,13,1
5,13176,1,1
5,15005,2,1
5,47329,3,1
5,27966,4,1
5,23909,5,1
5,48370,6,1
5,13245,7,1
5,9633,8,1
5,27360,9,1
5,6348,10,1
5,40878,11,1
5,6184,12,1
5,48002,13,1
5,20914,14,1
5,37011,15,1
5,12962,16,1
5,45698,17,1
5,24773,18,1
5,18569,19,1
5,41176,20,1
5,48366,21,1
5,47209,22,0
5,46522,23,0
5,38693,24,0
5,48825,25,0
5,8479,26,0
6,40462,1,0
6,15873,2,0
6,41897,3,0
7,34050,1,0
7,46802,2,0
8,23423,1,1
9,21405,1,0
9,47890,2,1
9,11182,3,0
9,2014,4,1
9,29193,5,1
9,34203,6,1
9,14992,7,1
9,31506,8,1
9,23288,9,0
9,44533,10,1
9,18362,11,0
9,27366,12,1
9,432,13,1
9,3990,14,1
9,14183,15,0
10,24852,1,1
10,4796,2,1
10,31717,3,0
10,47766,4,1
10,4605,5,1
10,1529,6,0
10,21137,7,1
10,22122,8,1
10,34134,9,1
10,27156,10,0
10,14992,11,0
10,49235,12,1
10,26842,13,0
10,3464,14,0
10,25720,15,0
11,30162,1,1
11,27085,2,1
11,5994,3,1
11,1313,4,1
11,31506,5,1
12,30597,1,1
12,15221,2,1
12,43772,3,1
12,37886,4,1
12,37215,5,0
12,34335,6,1
12,3164,7,0
12,26910,8,0
12,38888,9,0
12,38050,10,1
12,25213,11,0
12,11175,12,0
12,23390,13,0
12,29471,14,0
12,43511,15,0
13,17330,1,0
13,27407,2,0
13,35419,3,0
13,196,4,0
13,44635,5,0
13,26878,6,0
13,25783,7,0
13,41290,8,0
13,33198,9,0
13,23020,10,0
13,36086,11,0
13,3800,12,0
13,25952,13,0
14,20392,1,1
14,27845,2,1
14,162,3,1
14,2452,4,1
14,8575,5,1
14,41890,6,1
14,39475,7,1
14,10096,8,1
14,23032,9,0
14,20995,10,1
14,45066,11,0
15,19660,1,1
15,21195,2,1
15,7461,3,1
15,2996,4,1
15,32463,5,1
16,9755,1,1
16,25466,2,0
16,45437,3,0
18,8021,1,0
18,34969,2,1
18,1000,3,0
18,5212,4,0
18,36011,5,1
18,44632,6,1
18,46969,7,0
18,27966,8,0
18,38985,9,1
18,26648,10,1
18,48745,11,0
18,7948,12,0
18,4802,13,0
18,28934,14,0
18,2116,15,0
18,45495,16,1
18,32018,17,1
18,27644,18,0
18,4656,19,0
18,9848,20,0
18,17568,21,0
18,23339,22,0
18,7308,23,0
18,35547,24,1
18,33279,25,0
18,46979,26,1
18,47766,27,1
18,1057,28,0
19,42265,1,1
19,24838,2,1
19,41540,3,1
20,35430,1,0
20,47485,2,0
20,7419,3,0
20,5112,4,0
20,33452,5,0
20,24852,6,0
20,42633,7,0
20,27605,8,0
21,5009,1,1
21,33106,2,1
21,4149,3,0
21,31478,4,0
21,25718,5,1
22,23909,1,1
22,22754,2,1
22,24852,3,1
22,28993,4,1
22,41273,5,1
22,23341,6,1
22,46941,7,1
22,39993,8,0
22,19068,9,1
22,21410,10,0
22,17341,11,0
22,40593,12,0
22,46979,13,1
22,31268,14,1
23,25931,1,1
23,35163,2,1
23,29662,3,1
23,26283,4,1
23,47766,5,1
23,12036,6,1
23,13497,7,0
23,44953,8,0
23,7969,9,1
23,8518,10,1
23,18689,11,0
23,44299,12,0
23,8381,13,1
23,32205,14,0
24,40078,1,0
24,9065,2,0
24,46175,3,0
25,9755,1,1
25,31487,2,0
25,37510,3,1
25,14576,4,1
25,22105,5,0
25,1934,6,1
25,6383,7,1
25,39046,8,0
25,48171,9,0
25,33506,10,1
25,30320,11,1
25,15925,12,0
25,37449,13,0
25,48299,14,1
26,35951,1,0
26,24852,2,1
26,46206,3,0
26,25890,4,0
26,33120,5,0
26,21903,6,0
26,40545,7,0
26,47766,8,1
27,13176,1,1
27,30442,2,1
27,13646,3,1
27,21019,4,0
27,38226,5,0
27,18479,6,1
27,47766,7,1
27,17794,8,1
27,42701,9,1
27,21938,10,0
27,5373,11,1
27,28849,12,1
27,41588,13,0
27,3382,14,1
27,19478,15,0
27,28985,16,1
27,49383,17,1
27,40604,18,1
27,8654,19,0
27,2447,20,0
27,24489,21,1
27,26128,22,1
27,15527,23,0
27,41950,24,1
27,20638,25,0
27,27451,26,0
27,10243,27,0
28,35108,1,0
28,40593,2,1
28,17461,3,0
28,22825,4,1
28,25256,5,1
28,47626,6,1
28,37220,7,1
28,12980,8,1
28,27548,9,1
28,45504,10,1
28,18531,11,1
28,47209,12,1
28,24024,13,1
28,38544,14,1
28,37288,15,1
28,31915,16,1
29,43352,1,1
29,21386,2,1
29,13176,3,1
29,8571,4,1
29,33768,5,1
30,48559,1,1
30,1158,2,1
30,42944,3,0
31,48946,1,1
31,22935,2,1
31,21903,3,1
31,31717,4,1
31,4920,5,1
31,25647,6,1
31,49156,7,1
31,29926,8,1
31,47900,9,1
31,9436,10,0
32,12384,1,1
32,15991,2,0
32,13176,3,1
32,20995,4,1
32,18362,5,0
32,35887,6,0
32,49683,7,1
32,4920,8,0
32,28199,9,1
33,5699,1,1
33,32740,2,0
33,8592,3,0
33,1446,4,0
33,46313,5,0
33,19970,6,1
33,49390,7,0
33,32981,8,0
33,40063,9,1
35,28413,1,0
35,24532,2,0
35,14715,3,0
35,16974,4,0
35,37980,5,0
37,35561,1,0
37,33059,2,0
37,43721,3,0
39,48679,1,0
39,4605,2,0
39,28204,3,1
39,21903,4,0
39,8385,5,0
40,10070,1,1
40,42450,2,1
40,33198,3,1
40,34866,4,1
41,27344,1,1
41,27355,2,1
42,19887,1,1
42,33000,2,0
42,13176,3,1
43,20915,1,0
43,21949,2,0
43,8817,3,0
43,37867,4,1
43,12850,5,0
43,21553,6,1
43,34005,7,0
44,31509,1,1
44,27979,2,1
44,20955,3,0
44,383,4,0
44,44384,5,1
44,28012,6,0
44,27356,7,0
44,13966,8,0
44,2240,9,0
44,17341,10,0
45,16349,1,1
46,36884,1,0
46,48183,2,0
46,26172,3,0
46,4778,4,1
46,34519,5,1
46,11983,6,1
46,18346,7,1
46,21067,8,1
46,41602,9,1
46,27656,10,1
46,17417,11,1
46,22282,12,0
46,47827,13,1
46,32917,14,0
46,5077,15,1
46,4447,16,0
46,3703,17,0
46,34233,18,0
46,28921,19,0
46,15364,20,0
47,16797,1,1
47,39275,2,1
47,43352,3,1
47,46041,4,0
47,29223,5,0
48,14129,1,0
48,22298,2,1
48,17600,3,1
48,6141,4,0
48,42169,5,0
48,12144,6,0
48,11403,7,0
48,36929,8,0
49,3513,1,1
49,39276,2,1
49,20307,3,1
49,19677,4,1
50,397,1,0
50,34993,2,0
50,17183,3,1
50,37788,4,0
50,1025,5,1
50,4799,6,1
50,276,7,0
51,30274,1,0
51,3594,2,1
51,14994,3,0
51,45433,4,0
51,44514,5,0
51,32624,6,0
51,604,7,0
51,21195,8,1
51,4493,9,1
52,18963,1,0
52,24852,2,1
52,39408,3,1
52,49683,4,1
52,4485,5,0
53,24852,1,1
53,37646,2,1
53,47209,3,1
53,36606,4,0
53,32442,5,1
53,14467,6,1
53,40706,7,1
53,5876,8,1
53,22298,9,1
53,38827,10,1
53,39275,11,0
53,38647,12,0
53,47626,13,0
53,34448,14,0
53,46194,15,0
54,10833,1,0
54,24852,2,0
54,34004,3,0
54,35430,4,0
54,11121,5,0
54,36086,6,0
54,32971,7,0
55,42736,1,1
55,8671,2,1
55,17872,3,0
55,5876,4,1
55,27966,5,0
55,13176,6,1
55,8251,7,1
55,24385,8,0
55,30391,9,0
55,8518,10,1
55,32734,11,0
55,11520,12,0
55,18234,13,0
55,32177,14,0
55,40709,15,1
55,45123,16,0
55,3464,17,0
55,41950,18,1
55,26940,19,0
55,6740,20,0
55,38315,21,0
55,25800,22,0
56,7021,1,0
56,4799,2,0
56,24964,3,1
56,11520,4,1
56,9076,5,1
56,1376,6,1
56,47209,7,1
56,21903,8,1
56,21910,9,1
56,34050,10,0
57,21903,1,0
57,47231,2,0
57,21137,3,0
57,43122,4,0
57,19057,5,0
57,47209,6,0
57,48857,7,0
58,23375,1,1
58,2825,2,1
58,22825,3,1
58,13176,4,1
58,26604,5,1
58,42265,6,0
59,32549,1,1
59,46077,2,1
59,12902,3,1
60,9934,1,0
60,22395,2,0
60,36929,3,0
60,37110,4,1
60,13176,5,1
60,37646,6,1
60,27966,7,1
60,17123,8,1
60,38777,9,1
60,2298,10,1
60,48628,11,1
60,781,12,1
60,13249,13,1
60,22935,14,1
60,890,15,1
60,17794,16,1
60,22963,17,1
60,44910,18,1
61,42265,1,1
61,22507,2,0
61,4149,3,1
61,29127,4,1
61,15541,5,1
61,13042,6,1
61,20940,7,1
61,10473,8,1
61,17207,9,1
61,38928,10,1
61,6184,11,1
61,16974,12,1
62,10017,1,0
62,43394,2,1
62,37766,3,1
62,26209,4,0
62,47766,5,0
62,28849,6,0
62,20114,7,0
63,25886,1,0
63,41674,2,0
63,9327,3,0
63,24203,4,1
63,34854,5,0
63,34640,6,0
63,6046,7,0
63,287,8,1
63,12508,9,0
63,13733,10,1
64,17889,1,1
64,9292,2,1
64,15424,3,1
64,18988,4,1
64,38959,5,1
65,19155,1,1
65,1940,2,1
65,25170,3,0
66,3397,1,1
66,21955,2,1
66,38689,3,1
66,45368,4,1
66,7658,5,1
66,37102,6,0
67,13176,1,1
67,11422,2,1
67,27514,3,1
67,46654,4,1
67,47993,5,1
67,5438,6,1
67,46226,7,0
67,25670,8,0
68,43739,1,1
68,17924,2,1
68,31805,3,1
68,9387,4,1
68,196,5,1
68,7768,6,0
68,17207,7,0
68,1629,8,0
68,21288,9,1
69,43875,1,1
69,27845,2,1
69,47049,3,1
69,8186,4,1
69,34134,5,1
69,42345,6,1
69,28682,7,0
69,36342,8,1
69,12341,9,0
69,11140,10,0
69,23060,11,1
70,11067,1,0
70,11481,2,0
70,44008,3,0
70,35824,4,1
71,10017,1,0
71,12023,2,0
71,47209,3,1
71,41544,4,0
71,5876,5,1
71,31553,6,1
71,31717,7,1
71,26209,8,1
71,39389,9,0
71,44632,10,1
72,28204,1,1
72,39108,2,1
72,4472,3,1
72,43950,4,1
72,29228,5,1
72,42548,6,1
72,20588,7,1
72,24852,8,1
72,47479,9,0
72,38515,10,0
72,5514,11,0
73,28413,1,0
73,24125,2,1
73,11759,3,1
73,21903,4,1
74,46667,1,1
74,14129,2,1
74,11136,3,1
74,27247,4,1
74,17902,5,1
74,45681,6,1
74,7715,7,1
74,15392,8,1
74,12456,9,1
74,14540,10,1
74,26369,11,1
75,25138,1,0
75,2361,2,0
75,10915,3,0
75,39275,4,0
75,21616,5,0
75,12341,6,0
75,33768,7,0
75,40709,8,0
75,24889,9,0
75,5959,10,0
75,43889,11,0
75,45646,12,0
75,44077,13,0
75,21019,14,0
75,46383,15,0
75,25195,16,0
76,31974,1,0
76,14159,2,1
76,33357,3,0
76,38996,4,0
76,39844,5,0
77,49510,1,1
77,36481,2,1
77,5120,3,1
77,43154,4,1
77,24184,5,1
77,2295,6,1
77,8277,7,1
77,34969,8,0
77,47626,9,1
77,15290,10,1
77,2979,11,0
77,22935,12,0
77,30391,13,0
77,23233,14,0
77,48057,15,0
77,31040,16,1
77,38944,17,0
77,39619,18,0
77,38273,19,0
77,36550,20,1
77,18079,21,0
78,32403,1,0
78,12899,2,0
78,21573,3,0
78,32455,4,1
78,16797,5,0
79,4210,1,1
79,4377,2,1
79,39461,3,1
79,13627,4,1
79,13110,5,1
79,12397,6,1
79,4840,7,0
79,11256,8,1
80,10761,1,1
80,27845,2,1
80,42118,3,1
80,24852,4,1
80,23734,5,1
80,2295,6,1
80,26604,7,0
81,25931,1,1
81,43014,2,1
81,24838,3,1
81,47209,4,1
81,15040,5,1
81,22867,6,1
81,10385,7,1
81,21137,8,1
81,39928,9,0
81,46394,10,0
81,44683,11,1
82,35417,1,1
82,14117,2,1
82,3376,3,1
82,20520,4,1
82,4421,5,1
82,39469,6,0
82,16797,7,0
82,37646,8,1
83,13176,1,1
83,1087,2,1
83,35503,3,1
83,4945,4,1
83,40587,5,0
83,11574,6,0
83,37935,7,0
83,43352,8,0
83,39561,9,0
83,2124,10,0
83,13292,11,0
83,12023,12,0
83,4605,13,0
83,10060,14,1
84,1463,1,1
84,11193,2,1
84,34423,3,1
84,28842,4,1
84,13984,5,1
84,42300,6,1
84,17594,7,0
84,34065,8,1
84,18306,9,0
85,16797,1,1
85,19691,2,0
85,32259,3,0
85,20217,4,0
85,21349,5,0
85,33776,6,0
85,41611,7,0
85,34063,8,1
85,42240,9,1
86,37634,1,0
86,36004,2,0
86,45253,3,0
86,47123,4,1
86,32566,5,1
86,23115,6,1
86,22950,7,1
86,17706,8,1
87,16797,1,1
87,39947,2,1
87,31748,3,0
87,44119,4,0
87,38770,5,0
87,49279,6,1
87,2707,7,1
87,45312,8,0
87,40338,9,1
87,46881,10,0
87,6128,11,0
87,13637,12,0
87,4105,13,0
87,46052,14,0
87,8538,15,0
88,21616,1,1
88,19511,2,1
88,47626,3,1
88,35628,4,1
88,18523,5,1
88,24852,6,1
88,2067,7,1
88,21137,8,1
88,43961,9,1
88,7485,10,1
88,9366,11,0
88,47766,12,0
88,30442,13,1
88,49131,14,1
88,46654,15,1
88,27690,16,0
88,27548,17,0
88,1158,18,0
88,26252,19,0
88,49683,20,0
88,15649,21,1
88,38400,22,1
88,28993,23,0
89,17794,1,1
89,20600,2,1
89,5876,3,1
89,37011,4,1
89,26648,5,1
90,42265,1,1
90,33043,2,0
90,890,3,0
90,44449,4,0
90,12797,5,1
91,5825,1,1
91,44303,2,1
91,48784,3,1
91,23293,4,1
91,42813,5,1
91,6218,6,1
92,44116,1,1
92,21903,2,1
92,4793,3,1
92,39121,4,1
92,29742,5,1
92,18288,6,1
92,45633,7,1
92,2929,8,1
92,1376,9,1
92,35503,10,1
92,14332,11,0
92,35704,12,0
92,14540,13,0
92,25230,14,0
92,48385,15,0
92,35561,16,0
92,1392,17,0
92,1374,18,1
92,39928,19,1
92,21137,20,0
92,24852,21,1
92,26604,22,0
92,49235,23,1
92,44375,24,1
92,5646,25,1
93,13194,1,0
93,47226,2,0
93,28454,3,1
93,33671,4,1
93,39620,5,0
93,23909,6,1
93,39581,7,1
93,27323,8,1
93,42677,9,0
93,4966,10,1
93,39408,11,0
93,13176,12,0
93,29487,13,1
93,25727,14,1
94,35221,1,1
94,16521,2,0
94,11520,3,1
94,17948,4,0
95,9337,1,0
95,10121,2,1
95,37630,3,0
95,22035,4,1
95,20379,5,1
95,39928,6,1
95,12395,7,1
95,21137,8,1
95,10849,9,1
95,47766,10,1
95,48464,11,1
95,49683,12,1
95,48287,13,1
95,37158,14,1
97,4366,1,1
97,17600,2,1
97,12276,3,1
97,30949,4,1
97,46175,5,0
97,36772,6,1
97,30850,7,1
97,44116,8,1
97,25451,9,1
97,2275,10,1
97,28465,11,1
97,10761,12,0
97,19019,13,1
97,33439,14,1
97,34565,15,0
97,35134,16,1
97,38782,17,1
97,38090,18,1
97,33184,19,1
97,1136,20,1
97,37460,21,1
97,28515,22,1
97,4006,23,0
97,37867,24,0
97,41973,25,0
97,27177,26,0
97,29963,27,0
99,46584,1,1
99,38200,2,1
99,13991,3,0
99,8025,4,0
99,32105,5,0
99,35176,6,0
99,12157,7,0
100,19660,1,0
100,196,2,0
101,6249,1,1
101,1408,2,1
101,5729,3,1
101,9138,4,1
101,16570,5,1
101,4472,6,1
101,21616,7,1
101,44926,8,1
101,47852,9,1
101,3561,10,0
101,37825,11,1
101,47626,12,0
102,29487,1,1
102,44625,2,1
102,27966,3,0
102,24830,4,0
102,27104,5,0
102,39001,6,0
102,19446,7,0
102,44570,8,0
102,26410,9,1
102,37462,10,0
103,30850,1,0
103,5794,2,0
103,1695,3,0
103,40386,4,0
104,28745,1,1
104,22124,2,1
104,26604,3,1
104,5212,4,0
105,1194,1,0
105,12276,2,1
105,13176,3,1
105,27423,4,1
105,17600,5,1
105,4920,6,1
105,28204,7,1
105,26790,8,0
105,27690,9,0
105,42443,10,1
105,4210,11,1
105,11712,12,0
106,4210,1,0
106,11210,2,0
106,2839,3,1
106,19836,4,1
106,49505,5,1
106,27288,6,1
106,23011,7,1
106,37449,8,1
106,47144,9,1
106,22620,10,0
106,24184,11,1
106,18019,12,1
106,19539,13,1
106,14168,14,1
106,16177,15,1
106,21938,16,1
106,44455,17,1
106,16370,18,1
106,27509,19,1
106,42548,20,1
106,30958,21,1
106,4497,22,1
106,12945,23,1
106,39335,24,0
106,46167,25,0
106,30413,26,1
106,31562,27,1
106,38819,28,0
106,20114,29,1
106,34092,30,1
106,5048,31,0
106,26179,32,0
106,14936,33,0
106,5672,34,0
107,35535,1,1
107,31577,2,1
107,47783,3,1
107,30391,4,1
107,43394,5,1
107,16953,6,1
107,11513,7,1
108,36011,1,1
108,21847,2,0
108,14872,3,0
108,42075,4,0
108,38381,5,0
108,7751,6,0
108,42383,7,0
108,5212,8,0
108,13708,9,0
109,36217,1,1
109,8195,2,1
109,25146,3,1
109,7948,4,0
109,4715,5,1
109,10616,6,1
109,49478,7,0
109,18848,8,1
109,26165,9,1
109,14131,10,0
109,19076,11,0
109,35871,12,0
109,49056,13,0
109,31555,14,1
109,22894,15,0
109,37751,16,0
109,42240,17,0
109,15452,18,0
109,33651,19,0
109,36066,20,0
109,40310,21,1
110,5876,1,0
110,35951,2,0
110,9450,3,0
110,26216,4,0
110,21405,5,0
110,24852,6,0
110,6873,7,0
110,34969,8,0
110,20114,9,0
110,23689,10,0
111,16797,1,1
111,20574,2,1
111,17461,3,1
111,15429,4,1
111,49683,5,1
113,46654,1,1
113,35503,2,0
113,27171,3,0
113,21903,4,0
113,19706,5,0
113,8193,6,0
113,46313,7,0
114,24954,1,0
114,1688,2,0
114,37371,3,0
114,5782,4,0
114,1263,5,0
114,23763,6,0
114,24385,7,0
114,4495,8,0
114,31164,9,0
114,31766,10,0
115,45504,1,1
115,35003,2,1
115,48657,3,1
115,23955,4,1
115,22920,5,1
115,23375,6,1
115,39636,7,0
115,48590,8,0
115,37358,9,0
115,1186,10,0
115,40332,11,1
115,49199,12,0
116,27104,1,1
116,42342,2,1
117,2078,1,1
117,27756,2,1
117,44987,3,1
117,27323,4,1
117,49465,5,1
117,35898,6,0
117,40593,7,1
117,39481,8,0
117,11132,9,0
117,20119,10,0
117,14947,11,0
117,21283,12,0
117,31660,13,0
117,33351,14,0
117,44603,15,0
118,8571,1,1
118,21292,2,0
118,32303,3,1
118,16283,4,1
119,18908,1,0
119,22395,2,0
119,23400,3,0
119,17206,4,0
119,44142,5,0
119,29987,6,0
119,31506,7,0
119,28425,8,0
119,12572,9,0
120,40545,1,0
120,26604,2,0
120,28204,3,0
120,41273,4,0
120,48205,5,0
120,42834,6,0
120,31323,7,0
120,1503,8,0
120,46703,9,0
120,5068,10,0
120,28156,11,0
120,26689,12,0
120,33120,13,0
120,19061,14,0
120,39037,15,0
120,11022,16,0
121,42493,1,1
121,13372,2,0
121,3696,3,1
121,48532,4,1
121,38579,5,1
122,17794,1,0
122,18644,2,0
123,44632,1,1
123,9839,2,1
123,22035,3,1
123,16825,4,1
123,48246,5,1
123,14917,6,1
123,46823,7,1
123,6692,8,1
123,8859,9,1
123,37464,10,1
123,26604,11,1
123,19048,12,0
123,49273,13,0
123,43908,14,1
123,37646,15,1
123,28123,16,1
123,44683,17,1
123,36010,18,1
124,44570,1,1
124,24630,2,0
124,28527,3,1
124,21405,4,0
124,4853,5,1
124,26698,6,1
124,11513,7,1
124,28990,8,1
125,6656,1,1
125,22035,2,1
125,30489,3,1
125,36550,4,1
125,17835,5,1
125,22963,6,1
125,13176,7,1
125,49215,8,1
125,26282,9,1
125,49235,10,1
125,43961,11,1
125,44359,12,1
125,11068,13,1
125,43249,14,1
125,39619,15,1
125,29987,16,1
125,17948,17,1
125,20549,18,1
125,49175,19,1
125,35750,20,1
125,21777,21,1
125,17807,22,1
125,23074,23,1
125,2002,24,1
125,36735,25,1
125,1463,26,1
126,14650,1,0
126,6104,2,1
126,7054,3,1
126,25890,4,1
126,47209,5,0
126,24866,6,0
127,16797,1,1
127,9076,2,1
127,23549,3,0
127,37052,4,1
127,4313,5,1
127,25197,6,1
127,7644,7,0
127,47357,8,0
127,45064,9,1
127,9515,10,1
127,15902,11,1
127,39938,12,0
128,4421,1,1
128,18770,2,1
128,24184,3,1
128,13176,4,1
128,42265,5,1
128,16249,6,1
128,28278,7,0
128,7010,8,1
128,41290,9,1
128,39984,10,1
129,13176,1,0
129,35628,2,1
129,33454,3,1
129,15649,4,1
129,26634,5,0
129,13198,6,1
129,41950,7,0
129,24850,8,1
129,17471,9,1
129,5194,10,1
129,38995,11,1
129,7067,12,1
129,31073,13,0
129,47509,14,0
129,14715,15,0
129,10017,16,0
129,43338,17,0
129,27845,18,1
130,39218,1,0
130,4276,2,0
130,14357,3,0
130,18376,4,0
130,24852,5,0
130,33232,6,0
130,12496,7,0
130,8309,8,0
130,19057,9,0
130,44449,10,0
130,34358,11,0
130,9436,12,0
130,35221,13,0
130,3583,14,0
131,5876,1,1
131,24964,2,1
131,31717,3,1
131,34126,4,1
131,39984,5,1
131,45007,6,1
131,20869,7,0
131,22935,8,1
131,26937,9,1
131,21174,10,1
131,40706,11,1
131,21405,12,1
131,39475,13,1
131,5588,14,0
131,42768,15,1
131,4544,16,0
131,28826,17,0
131,29506,18,1
132,36640,1,1
132,17980,2,1
132,8239,3,0
132,17830,4,1
132,39871,5,0
132,19677,6,1
132,43295,7,0
132,48057,8,1
132,33156,9,0
132,11447,10,0
132,25533,11,1
133,48679,1,1
133,18670,2,1
134,43961,1,0
134,17316,2,1
134,14852,3,1
134,30696,4,1
134,169,5,1
134,36076,6,1
134,30169,7,1
134,42460,8,1
134,48423,9,1
134,45763,10,1
134,28156,11,1
134,8638,12,1
134,5547,13,1
134,17029,14,1
134,9018,15,1
134,25952,16,1
134,41970,17,1
135,25513,1,1
135,40709,2,1
135,47866,3,1
135,13870,4,1
135,21903,5,1
135,43513,6,0
135,31778,7,1
135,16900,8,1
135,45951,9,1
135,49227,10,1
136,47766,1,0
136,18465,2,0
136,29926,3,0
136,11005,4,0
138,24363,1,1
138,29625,2,1
138,22935,3,1
138,15995,4,1
138,38890,5,1
138,28432,6,0
139,14678,1,1
139,19678,2,1
139,22935,3,1
139,21903,4,1
139,33731,5,1
139,2386,6,1
140,4516,1,1
140,2712,2,1
140,44560,3,1
140,35042,4,1
140,7898,5,1
140,43154,6,1
140,32655,7,1
140,18721,8,1
140,22618,9,0
141,21131,1,1
141,16696,2,1
141,43616,3,1
141,42972,4,1
141,6991,5,1
141,1694,6,0
141,36316,7,1
141,23909,8,1
141,34185,9,1
141,43693,10,1
141,32650,11,1
141,30913,12,1
141,13641,13,1
141,13627,14,1
141,10957,15,1
142,19348,1,1
142,15979,2,1
142,20269,3,1
142,24186,4,1
142,32638,5,1
142,46222,6,1
142,46261,7,1
143,47626,1,1
143,15386,2,1
143,24852,3,1
143,4605,4,1
143,8518,5,1
143,49098,6,1
143,34067,7,1
143,36070,8,1
143,3148,9,1
143,15902,10,1
143,45066,11,1
143,18498,12,0
143,22866,13,1
143,24838,14,0
143,47185,15,0
143,13802,16,0
143,12218,17,0
143,43183,18,0
143,26040,19,0
143,46844,20,1
143,42352,21,0
143,37611,22,1
143,14850,23,0
143,29529,24,1
143,277,25,0
144,45437,1,1
144,35921,2,1
144,43394,3,1
144,12384,4,1
144,1503,5,0
144,24799,6,0
144,22474,7,0
144,8424,8,0
144,46069,9,1
144,26047,10,1
144,45948,11,0
144,19448,12,0
144,17794,13,1
144,7948,14,0
145,31651,1,0
145,35898,2,0
145,26348,3,0
146,12078,1,0
146,13575,2,1
146,43352,3,1
146,21288,4,1
146,32303,5,1
146,26348,6,1
146,41400,7,1
146,30591,8,1
146,19660,9,1
146,16797,10,1
146,37710,11,1
146,13914,12,1
146,24135,13,1
147,432,1,1
147,26346,2,1
147,21938,3,0
147,24184,4,1
147,4605,5,1
147,5605,6,0
147,23537,7,0
147,12838,8,0
147,17794,9,0
147,31433,10,0
147,31553,11,0
147,1360,12,0
148,38650,1,0
148,25659,2,0
148,35951,3,1
148,34197,4,1
148,11712,5,1
148,26940,6,1
148,48364,7,0
148,21903,8,1
148,14881,9,1
148,34720,10,1
148,1158,11,1
148,26606,12,0
148,47209,13,1
148,21614,14,1
149,15383,1,1
149,33129,2,0
149,2390,3,0
150,14127,1,1
150,45645,2,0
150,21506,3,0
151,46931,1,0
151,26152,2,1
151,48697,3,1
151,30486,4,1
152,13176,1,1
152,6184,2,1
152,5161,3,1
152,4557,4,1
152,40969,5,0
153,26620,1,0
153,12576,2,0
153,40632,3,1
153,40599,4,1
153,47717,5,1
153,33716,6,0
153,48493,7,0
153,19448,8,0
153,23765,9,1
154,30489,1,0
154,25246,2,0
154,41801,3,1
154,11806,4,0
155,7308,1,1
155,10749,2,1
155,19048,3,0
155,17619,4,1
155,18531,5,1
155,27243,6,0
156,35383,1,1
156,13829,2,1
156,42719,3,1
156,12276,4,0
156,46720,5,0
157,42768,1,1
157,3494,2,0
157,1529,3,1
157,37193,4,1
157,39275,5,1
157,13984,6,1
157,43789,7,1
158,27966,1,1
158,16387,2,1
158,15712,3,0
158,37022,4,0
158,49683,5,1
158,24852,6,1
158,11422,7,1
158,47209,8,1
159,21616,1,0
159,30391,2,1
159,17949,3,1
159,5479,4,1
160,31915,1,1
160,21137,2,1
160,24390,3,0
160,25477,4,0
160,25331,5,0
161,40310,1,1
161,14464,2,1
161,34047,3,1
161,32691,4,1
161,12276,5,1
161,48800,6,0
161,48097,7,0
161,32141,8,1
161,17334,9,1
162,17560,1,1
162,7503,2,0
162,38944,3,0
162,47766,4,1
162,27104,5,0
162,45007,6,1
162,32959,7,0
162,38666,8,0
162,26032,9,0
162,35750,10,0
162,8955,11,0
163,21616,1,1
163,16185,2,1
163,30391,3,1
163,33731,4,1
163,39877,5,1
163,35715,6,1
163,13176,7,1
163,27966,8,1
163,47888,9,1
163,26209,10,1
163,29077,11,1
163,31640,12,1
163,4920,13,1
163,19240,14,1
163,14211,15,1
163,26301,16,1
163,11520,17,1
163,30252,18,1
163,30489,19,1
164,40332,1,1
164,32689,2,1
164,47626,3,1
164,28985,4,1
164,6779,5,0
164,39563,6,0
165,10017,1,1
165,27521,2,1
165,13838,3,0
165,22921,4,1
165,20178,5,1
165,34339,6,1
165,47626,7,1
165,38647,8,1
165,13130,9,0
166,6690,1,1
166,21524,2,1
166,25760,3,1
166,13536,4,1
166,15805,5,0
166,11472,6,0
166,19850,7,0
166,47734,8,0
166,17251,9,0
167,10957,1,1
167,6623,2,1
167,19019,3,1
167,32303,4,0
168,27344,1,0
168,41836,2,0
168,20580,3,1
168,18366,4,1
168,19736,5,1
168,38145,6,1
169,21903,1,0
169,45066,2,1
169,25370,3,1
169,36777,4,0
169,25980,5,0
169,8021,6,0
169,25020,7,0
169,8230,8,0
169,6341,9,1
171,14645,1,0
171,48226,2,0
172,18441,1,1
172,33279,2,1
172,22507,3,1
172,651,4,1
173,42325,1,0
173,14409,2,1
173,14833,3,1
173,34124,4,1
173,17419,5,1
173,30169,6,1
174,24852,1,1
174,44422,2,0
174,7503,3,0
174,43961,4,1
174,28204,5,0
174,30884,6,1
174,11819,7,1
174,32016,8,0
174,24964,9,1
174,1463,10,1
174,27104,11,1
174,14332,12,0
174,41257,13,0
174,19184,14,0
175,3025,1,1
175,5479,2,1
175,24852,3,1
175,1516,4,1
175,12015,5,0
175,44349,6,0
175,28934,7,1
175,11777,8,0
175,32433,9,1
175,27966,10,0
175,44683,11,1
175,46346,12,1
175,48720,13,0
175,28849,14,0
176,5876,1,1
176,26497,2,1
176,17872,3,1
176,4675,4,1
176,21267,5,1
176,22825,6,0
176,41588,7,0
176,22935,8,0
176,5991,9,0
176,8518,10,1
177,21903,1,1
177,40723,2,1
177,27531,3,1
177,1158,4,1
177,37766,5,1
177,48299,6,1
177,46802,7,1
177,38159,8,1
177,35055,9,1
177,40311,10,1
177,5022,11,1
177,19906,12,1
177,29987,13,0
177,9076,14,1
177,43352,15,1
177,33731,16,0
177,24852,17,1
178,49235,1,1
178,6369,2,0
179,40604,1,0
179,31040,2,1
179,31242,3,0
179,30382,4,1
179,31343,5,0
179,21616,6,1
180,37385,1,1
180,27521,2,1
180,18234,3,1
180,35163,4,1
180,31717,5,1
180,5876,6,1
180,24933,7,1
180,17948,8,1
180,26604,9,1
180,22825,10,1
180,13176,11,0
180,41960,12,0
180,5825,13,1
180,21938,14,1
180,47209,15,1
180,16521,16,1
180,7079,17,1
181,20995,1,0
181,35166,2,1
181,8903,3,1
181,38456,4,1
181,24852,5,1
181,7461,6,1
181,14084,7,1
181,33746,8,1
183,4305,1,1
183,23789,2,1
183,6376,3,0
183,49628,4,1
183,31215,5,1
183,11512,6,1
183,49247,7,1
184,21962,1,0
184,24852,2,1
184,45265,3,0
184,23405,4,0
184,23431,5,1
184,16797,6,1
184,9710,7,0
184,1080,8,0
185,23165,1,1
185,24964,2,1
185,39812,3,0
185,11520,4,0
185,41556,5,0
185,27392,6,0
185,20899,7,0
185,5134,8,1
185,37825,9,0
185,37029,10,0
186,7781,1,0
186,44085,2,0
186,20082,3,0
186,43692,4,0
186,14947,5,0
186,41351,6,0
186,25830,7,0
186,28892,8,0
186,20314,9,0
187,24852,1,1
187,30183,2,1
187,41351,3,1
187,31869,4,0
187,6128,5,1
187,34862,6,1
187,4595,7,1
187,16797,8,1
187,5077,9,1
187,23687,10,1
188,26497,1,1
188,38275,2,1
188,38419,3,1
188,1025,4,1
188,48679,5,0
188,30305,6,1
189,35986,1,1
189,18718,2,0
189,19660,3,1
189,2966,4,1
189,19894,5,0
190,21903,1,0
190,34243,2,0
190,16797,3,0
190,23543,4,0
190,3957,5,0
190,48104,6,0
190,25659,7,0
190,22395,8,0
190,23400,9,0
190,42768,10,0
190,22959,11,1
191,24325,1,1
191,41391,2,1
191,29116,3,1
191,12811,4,1
191,2178,5,1
192,5876,1,1
192,49476,2,1
192,9598,3,1
192,18224,4,1
192,36082,5,1
192,8174,6,0
192,12456,7,0
192,15700,8,0
192,18413,9,1
192,19240,10,0
192,29117,11,0
192,43295,12,1
192,47253,13,0
192,5677,14,0
192,33527,15,0
193,12409,1,1
193,45946,2,0
193,32028,3,0
193,21291,4,0
193,3873,5,1
193,13176,6,1
193,35921,7,1
193,36646,8,1
193,42001,9,0
193,3545,10,0
193,49075,11,0
193,29594,12,0
194,3149,1,0
194,13514,2,0
194,28012,3,0
194,1860,4,0
194,45,5,1
194,16275,6,0
194,3990,7,1
194,29252,8,0
195,13176,1,1
195,3066,2,1
195,13629,3,1
195,33845,4,1
195,36522,5,0
195,43955,6,1
195,11408,7,1
195,9366,8,1
195,5746,9,1
195,4799,10,1
195,39329,11,1
195,16797,12,1
195,38777,13,1
195,49683,14,1
195,30103,15,1
195,34664,16,1
195,22654,17,0
195,23734,18,1
195,32839,19,0
195,31343,20,0
195,37985,21,1
195,38188,22,1
195,33043,23,1
195,25753,24,0
195,34851,25,0
196,13740,1,1
196,39561,2,0
196,49396,3,0
196,32293,4,0
196,30774,5,0
196,21137,6,0
196,24838,7,1
196,25931,8,1
196,33352,9,0
196,4562,10,0
197,2994,1,1
197,21137,2,1
197,45535,3,1
197,6347,4,1
197,46709,5,1
197,19660,6,1
197,42585,7,1
197,30450,8,1
197,3142,9,1
197,47630,10,1
198,33000,1,1
198,32374,2,1
198,2421,3,1
198,20842,4,1
198,24852,5,1
198,15740,6,0
198,45368,7,0
198,21417,8,0
198,47893,9,0
198,27778,10,0
199,1503,1,1
199,13070,2,0
199,23217,3,1
199,13176,4,0
199,5077,5,0
199,15097,6,0
199,1688,7,0
200,9434,1,0
200,196,2,1
200,19660,3,0
201,28476,1,0
201,40486,2,0
201,4605,3,0
201,8262,4,0
201,39507,5,0
201,14499,6,0
201,15269,7,1
201,27323,8,0
202,20406,1,0
203,26348,1,1
204,45368,1,1
204,28682,2,1
204,29987,3,1
204,39812,4,1
204,31343,5,1
204,38885,6,1
205,25146,1,1
205,28836,2,1
205,5785,3,1
206,47626,1,0
206,40174,2,1
206,16607,3,1
206,39928,4,1
206,20142,5,1
206,41787,6,0
206,20211,7,0
207,5385,1,1
207,27360,2,0
207,22128,3,0
207,2408,4,0
207,7860,5,0
207,44337,6,0
208,35350,1,0
208,36681,2,1
208,32429,3,1
208,34503,4,1
208,1582,5,1
208,28632,6,1
208,24852,7,1
208,36849,8,1
208,45066,9,1
208,48395,10,1
208,36736,11,0
208,3880,12,1
208,44926,13,1
208,34050,14,1
209,39409,1,1
209,20842,2,1
209,16965,3,1
209,8021,4,0
209,23001,5,0
210,47626,1,1
210,5479,2,1
210,48679,3,0
210,44683,4,0
210,29650,5,1
210,46969,6,1
210,45066,7,0
210,27104,8,1
210,7948,9,0
210,5161,10,1
210,41757,11,1
210,37067,12,0
210,26324,13,1
210,39261,14,0
210,10286,15,0
210,10504,16,1
210,86,17,1
211,46654,1,0
211,16797,2,0
212,17122,1,1
212,21137,2,1
212,40120,3,1
212,8953,4,0
213,46064,1,0
213,27156,2,1
213,9390,3,1
213,9076,4,1
213,46802,5,1
213,1158,6,1
213,28553,7,1
213,21077,8,1
213,21903,9,1
213,24852,10,1
213,26165,11,1
213,11941,12,1
214,5499,1,0
214,8424,2,0
214,37053,3,0
214,24852,4,1
214,21329,5,0
214,25093,6,1
214,25043,7,0
214,25890,8,1
214,40545,9,0
215,49235,1,0
215,37215,2,0
216,32850,1,1
216,49520,2,1
216,26521,3,1
216,21137,4,1
216,10831,5,1
216,8667,6,1
216,3849,7,1
216,14947,8,1
217,11262,1,1
217,3142,2,1
217,1360,3,0
219,13176,1,1
219,7987,2,1
219,21903,3,1
219,43352,4,1
220,3919,1,1
220,11432,2,1
220,14992,3,1
221,24010,1,0
221,4658,2,0
221,39097,3,0
221,40699,4,0
221,5926,5,0
221,39046,6,0
221,37797,7,0
221,4210,8,0
221,32156,9,0
222,24852,1,1
222,47626,2,1
222,35522,3,1
222,21903,4,1
222,25043,5,1
222,8424,6,1
222,28204,7,1
222,45613,8,1
222,14267,9,1
222,25146,10,1
222,42768,11,1
222,49667,12,1
222,44765,13,1
222,38273,14,1
222,31343,15,1
222,38012,16,0
222,35510,17,1
222,46993,18,1
223,23240,1,0
223,24852,2,1
223,44799,3,1
223,39604,4,1
223,46541,5,1
223,40733,6,0
223,46172,7,0
223,47842,8,0
223,19953,9,1
223,4895,10,1
223,33852,11,1
223,15483,12,1
223,4674,13,0
223,5636,14,0
223,29487,15,1
223,5450,16,1
223,41245,17,0
223,5025,18,1
223,4605,19,1
223,1700,20,0
223,307,21,1
223,14992,22,1
223,26283,23,1
223,27147,24,0
223,6165,25,0
223,1181,26,1
223,3999,27,1
224,47138,1,1
224,148,2,1
224,1940,3,1
224,49235,4,1
224,35003,5,1
224,33548,6,1
224,14910,7,1
224,34,8,1
224,45681,9,1
224,22620,10,1
224,19660,11,1
224,43409,12,1
224,27244,13,1
224,46817,14,0
224,12863,15,1
224,26767,16,0
224,21694,17,0
225,1559,1,1
225,24852,2,1
225,21709,3,1
225,24041,4,1
225,37646,5,1
225,8277,6,1
225,33100,7,1
225,47087,8,1
225,14947,9,1
225,36011,10,1
225,32655,11,0
227,45066,1,1
227,9551,2,1
227,25919,3,1
227,31624,4,1
227,32784,5,1
227,36070,6,1
228,24489,1,1
228,30391,2,0
228,7577,3,0
228,43086,4,1
228,36183,5,1
228,36406,6,1
228,36070,7,1
228,21174,8,1
228,23054,9,0
228,47439,10,1
228,45368,11,1
228,34217,12,0
228,45613,13,0
228,890,14,0
228,28849,15,0
228,49175,16,0
228,7628,17,0
228,24964,18,0
228,41953,19,0
228,46206,20,1
228,48716,21,1
228,8728,22,1
228,47209,23,1
228,13176,24,1
228,19709,25,0
228,25122,26,0
228,36550,27,1
228,16757,28,1
228,34224,29,0
228,27966,30,0
228,29180,31,0
229,21108,1,1
229,34276,2,1
229,27730,3,1
229,42495,4,0
229,11782,5,0
229,41690,6,0
229,17821,7,0
229,18266,8,0
229,25435,9,0
229,14579,10,0
229,40824,11,0
230,46667,1,0
230,26384,2,0
230,4925,3,0
230,41177,4,1
230,32689,5,1
230,34126,6,1
230,36953,7,1
231,46666,1,1
231,40203,2,1
231,45896,3,0
231,14464,4,1
231,36307,5,0
231,44254,6,1
231,25830,7,0
231,23621,8,0
231,14875,9,1
231,27845,10,1
231,10673,11,0
231,26552,12,0
231,8572,13,0
231,4932,14,0
231,8409,15,0
231,1197,16,0
231,32265,17,0
231,44234,18,0
231,26824,19,0
231,11381,20,0
231,21281,21,0
231,28569,22,0
231,4798,23,0
231,29471,24,0
232,17835,1,0
232,40501,2,0
232,13176,3,0
232,39534,4,0
232,27086,5,0
232,44204,6,0
232,10132,7,0
232,4792,8,0
232,7521,9,0
232,29558,10,0
232,39055,11,0
232,29142,12,0
232,28745,13,0
232,21137,14,0
232,17794,15,0
232,8193,16,0
232,22935,17,0
232,37458,18,0
232,45633,19,0
232,37220,20,0
232,22504,21,0
232,44293,22,0
233,9076,1,1
233,43352,2,1
233,21288,3,1
234,46313,1,1
234,33401,2,1
234,8424,3,0
234,24964,4,1
234,39275,5,1
234,24489,6,1
234,19019,7,1
234,2086,8,1
234,4208,9,0
234,46372,10,1
235,10749,1,1
235,29447,2,1
235,19816,3,1
235,12099,4,1
235,13176,5,1
235,44632,6,1
235,10070,7,1
235,30233,8,1
235,15290,9,1
235,25824,10,1
235,44090,11,1
235,41623,12,0
236,44632,1,1
236,6218,2,1
236,24838,3,1
236,44257,4,0
236,45645,5,0
236,31824,6,1
236,25890,7,0
236,21616,8,0
236,45066,9,0
236,41774,10,0
236,10132,11,0
237,47626,1,0
238,9124,1,1
238,35503,2,1
238,34217,3,1
238,23417,4,0
239,22959,1,1
239,24838,2,1
239,37646,3,1
239,36764,4,1
239,35921,5,1
239,41844,6,1
239,13740,7,1
239,47209,8,1
239,48679,9,1
239,9339,10,1
239,29118,11,1
239,35750,12,1
239,34126,13,1
239,16744,14,1
239,5194,15,1
239,19382,16,1
239,21903,17,1
239,27544,18,1
240,35121,1,1
240,29127,2,1
240,27985,3,1
240,14129,4,0
240,46720,5,1
240,18880,6,0
240,4889,7,0
240,9076,8,1
240,2846,9,0
240,24010,10,1
240,29978,11,1
240,39275,12,1
240,8639,13,1
240,5258,14,1
241,47626,1,0
241,46979,2,1
241,40332,3,0
241,39046,4,0
241,23623,5,1
242,19691,1,1
242,16797,2,1
242,13176,3,0
243,22281,1,0
243,37890,2,0
243,42450,3,0
243,41213,4,1
243,37067,5,0
243,45200,6,0
244,22935,1,0
244,35921,2,1
244,31506,3,1
244,48679,4,1
244,8412,5,1
244,45066,6,1
244,43122,7,1
244,19208,8,1
244,47209,9,1
244,7014,10,1
245,32455,1,0
245,10509,2,0
246,36550,1,1
246,5785,2,1
246,34557,3,1
247,2979,1,0
247,30135,2,0
247,2969,3,1
247,28058,4,1
247,16262,5,1
247,5801,6,1
247,6106,7,0
247,31596,8,0
247,29683,9,1
247,39239,10,1
247,4496,11,0
247,34688,12,0
247,11051,13,0
247,4422,14,0
247,49185,15,0
247,23204,16,0
248,7963,1,1
248,38508,2,1
248,22963,3,1
248,21903,4,1
248,44359,5,1
248,19057,6,1
248,30718,7,0
248,33911,8,0
248,36714,9,0
248,9689,10,1
248,26476,11,0
248,37630,12,0
248,21653,13,0
248,8021,14,1
249,27307,1,1
249,13535,2,1
249,18908,3,1
249,35767,4,0
249,42719,5,1
249,41950,6,0
249,21616,7,0
249,14159,8,0
249,8955,9,0
249,10644,10,0
249,7806,11,0
249,8021,12,0
249,30290,13,0
250,17902,1,1
250,38775,2,1
251,12409,1,1
251,21903,2,1
251,30391,3,1
251,46667,4,1
251,23178,5,1
251,13176,6,1
251,21616,7,0
251,8518,8,1
251,22935,9,1
251,7179,10,0
251,7936,11,0
251,5876,12,0
251,1158,13,0
251,5652,14,0
251,48679,15,1
251,24838,16,1
251,26606,17,0
251,6160,18,0
251,8774,19,0
251,44910,20,0
251,26369,21,0
251,43789,22,0
251,31717,23,0
251,3464,24,0
251,23375,25,0
252,11512,1,1
252,39984,2,0
252,46886,3,0
252,39599,4,1
252,39190,5,0
252,10749,6,1
252,14814,7,1
252,31717,8,1
253,46667,1,0
253,25256,2,0
253,47868,3,1
254,44275,1,1
254,27966,2,1
254,27695,3,1
254,45840,4,1
254,4957,5,1
254,5077,6,1
254,13176,7,1
254,17949,8,1
254,22035,9,1
254,21137,10,1
254,26329,11,1
254,5134,12,1
254,1194,13,1
254,40706,14,1
254,10753,15,1
254,16254,16,1
254,44560,17,1
254,37766,18,1
254,38293,19,1
254,5240,20,1
254,1408,21,1
254,18471,22,1
254,32578,23,0
254,26790,24,1
254,11130,25,1
254,48953,26,1
254,33731,27,1
254,47521,28,1
254,7021,29,1
254,43904,30,1
254,47629,31,0
254,35688,32,0
255,30945,1,0
255,31748,2,0
255,16508,3,0
255,47479,4,1
255,42085,5,0
255,34279,6,1
255,47565,7,1
255,44731,8,1
255,34358,9,1
255,872,10,1
255,29156,11,1
255,42345,12,1
255,47049,13,1
255,23527,14,1
255,24852,15,1
256,19348,1,1
256,47993,2,1
256,28842,3,1
256,2180,4,1
256,44142,5,1
256,48174,6,1
256,43205,7,1
256,43875,8,0
256,47888,9,0
256,47366,10,1
256,47052,11,0
256,3808,12,0
256,45607,13,0
256,16556,14,1
256,29821,15,0
256,36533,16,0
256,43958,17,0
258,24852,1,1
258,9387,2,1
258,22825,3,1
258,46969,4,1
258,3085,5,1
258,16797,6,1
258,39275,7,0
258,6348,8,1
258,27086,9,1
258,46676,10,0
258,33754,11,0
258,18523,12,0
258,47029,13,0
258,48726,14,0
258,45066,15,1
259,3957,1,1
259,1169,2,1
259,43295,3,1
259,6568,4,1
259,6287,5,0
259,20947,6,0
259,17333,7,0
259,20794,8,0
259,44632,9,1
259,44422,10,0
259,11688,11,0
259,22227,12,0
259,33462,13,0
260,37011,1,1
260,29930,2,1
260,20589,3,1
260,46823,4,1
260,42585,5,1
260,23634,6,1
260,24852,7,1
260,49683,8,1
260,41453,9,1
260,36023,10,1
260,9809,11,1
260,18583,12,1
260,44042,13,0
260,36956,14,1
260,21227,15,0
260,7542,16,0
261,25890,1,1
261,16185,2,1
261,46654,3,1
261,24009,4,0
261,28156,5,1
261,46906,6,1
261,18567,7,1
261,49533,8,0
261,19348,9,1
261,17638,10,1
262,23339,1,0
262,34969,2,0
262,24561,3,0
262,6677,4,0
263,34368,1,0
263,4180,2,1
263,42431,3,0
263,37449,4,0
264,39023,1,1
264,14897,2,0
264,31553,3,1
264,47865,4,1
265,13838,1,1
265,27845,2,1
265,13176,3,1
265,41658,4,1
265,18370,5,1
265,3896,6,1
265,10768,7,1
265,33731,8,1
265,12745,9,1
265,32689,10,1
265,21137,11,1
265,43352,12,0
265,26604,13,1
265,38772,14,1
265,20431,15,1
265,29898,16,1
265,17224,17,1
265,38656,18,1
265,18281,19,0
265,19678,20,1
265,21162,21,0
265,2141,22,1
265,1347,23,0
265,42701,24,1
265,18200,25,0
265,13776,26,1
265,27626,27,1
265,4920,28,0
265,9806,29,1
265,7021,30,0
265,46667,31,0
265,31717,32,1
265,32656,33,0
265,5373,34,0
265,21927,35,0
265,22935,36,1
266,41950,1,0
266,15923,2,1
266,24186,3,0
266,34126,4,1
266,14005,5,0
266,45854,6,1
266,39772,7,1
266,43183,8,0
266,34358,9,0
267,39877,1,0
267,30707,2,1
267,22825,3,1
267,35264,4,1
267,21137,5,1
267,42768,6,0
267,39180,7,1
267,8518,8,0
267,26369,9,1
268,44340,1,0
269,35715,1,1
270,22275,1,0
270,14999,2,0
270,21641,3,0
270,33189,4,0
270,30776,5,0
270,32109,6,0
271,21372,1,1
271,42117,2,0
271,5334,3,1
271,20112,4,1
272,35752,1,1
272,2119,2,0
272,24279,3,0
272,3308,4,1
272,47772,5,0
272,1583,6,0
272,37886,7,0
272,33109,8,0
272,812,9,0
272,31377,10,1
272,17615,11,1
272,33184,12,0
272,34931,13,0
272,10897,14,0
272,19003,15,1
272,41729,16,0
272,4920,17,1
272,1022,18,1
272,36086,19,1
272,21288,20,1
273,15131,1,0
273,16615,2,0
273,12305,3,0
273,17896,4,0
273,19674,5,0
273,45877,6,0
273,35298,7,0
273,5782,8,1
274,48094,1,1
274,24852,2,1
274,27156,3,1
274,28204,4,1
274,31506,5,0
274,17872,6,1
274,35535,7,1
274,5337,8,1
274,32760,9,1
274,13198,10,1
274,41238,11,1
274,34530,12,1
274,18963,13,0
275,24852,1,1
275,8277,2,1
275,4799,3,1
275,33731,4,1
275,27156,5,1
275,22853,6,1
275,37270,7,1
275,20995,8,1
275,22031,9,1
275,9755,10,0
275,47042,11,0
275,28986,12,1
275,17284,13,1
276,47672,1,1
276,37158,2,1
276,21938,3,1
276,14678,4,1
276,34243,5,1
276,24497,6,1
276,18242,7,1
276,28553,8,1
277,21903,1,1
277,6383,2,1
277,21616,3,1
277,41148,4,1
277,49610,5,0
277,49683,6,1
277,28581,7,0
277,15290,8,1
277,43768,9,1
278,15269,1,0
278,47626,2,0
278,42495,3,0
278,9387,4,0
278,41264,5,0
278,3880,6,1
279,22959,1,1
279,24852,2,1
279,43014,3,1
279,23630,4,1
279,27122,5,1
279,2002,6,1
279,19156,7,1
279,24489,8,1
279,17948,9,1
279,34684,10,0
279,436,11,1
279,21903,12,1
279,47626,13,1
279,17794,14,1
279,35887,15,1
280,29672,1,1
280,432,2,1
280,23102,3,1
280,44765,4,1
280,19057,5,1
280,30233,6,1
280,47766,7,1
280,22035,8,1
280,21137,9,1
280,17708,10,1
280,25936,11,1
280,36792,12,1
280,2732,13,1
280,21607,14,1
280,38293,15,1
280,8518,16,1
280,13176,17,1
280,31238,18,1
280,45002,19,1
280,17284,20,1
280,9521,21,1
280,6046,22,1
280,7358,23,1
280,13829,24,1
280,44359,25,1
280,31717,26,1
280,21387,27,0
280,17600,28,0
280,10126,29,1
281,43379,1,1
281,26209,2,1
281,24852,3,1
281,47766,4,1
281,15290,5,1
281,30391,6,1
281,26800,7,1
281,21903,8,1
281,20163,9,1
281,45066,10,1
282,2727,1,1
282,21338,2,1
282,23767,3,0
282,43892,4,0
283,21883,1,1
283,41273,2,1
283,41131,3,0
283,4187,4,0
284,7175,1,1
284,3142,2,1
284,35461,3,1
284,48720,4,1
284,43154,5,1
284,24964,6,1
284,14852,7,1
284,36322,8,1
284,45767,9,1
284,13176,10,1
285,31343,1,1
285,49247,2,1
285,49075,3,1
285,812,4,1
285,3599,5,1
285,16825,6,1
286,10102,1,1
286,5450,2,1
286,11182,3,1
286,24184,4,1
286,24852,5,1
286,41950,6,0
286,13966,7,0
286,22699,8,1
286,47144,9,0
286,23909,10,0
286,20166,11,1
286,43352,12,1
286,14161,13,0
286,49683,14,0
286,12032,15,0
286,32528,16,1
287,12206,1,0
287,29987,2,0
287,23909,3,0
287,21927,4,0
287,41220,5,0
287,28071,6,0
287,41290,7,0
288,24852,1,1
288,9387,2,1
288,47492,3,1
288,14870,4,1
288,31553,5,1
288,38281,6,1
288,17948,7,1
288,17794,8,1
288,49683,9,1
288,28985,10,1
288,10749,11,1
288,42585,12,1
288,34099,13,1
289,6111,1,1
289,1234,2,1
289,37646,3,1
289,42701,4,1
289,12341,5,1
289,2664,6,1
289,25821,7,1
289,39200,8,1
289,48775,9,1
289,27117,10,0
289,48946,11,0
289,920,12,1
289,18254,13,1
289,17025,14,1
289,34134,15,1
289,18079,16,0
289,10749,17,0
289,4001,18,0
289,9808,19,1
290,14722,1,1
290,46676,2,1
290,32331,3,1
290,43772,4,1
290,2172,5,1
290,8214,6,1
291,16150,1,1
291,19213,2,1
291,39732,3,1
291,24852,4,1
291,3090,5,1
291,7350,6,1
291,3957,7,1
291,27966,8,1
292,21137,1,1
292,28199,2,1
292,8174,3,0
292,13176,4,1
292,47209,5,1
292,24768,6,1
292,21872,7,1
292,6873,8,1
292,47734,9,1
292,17948,10,0
292,10305,11,0
292,36848,12,0
292,29388,13,1
292,48179,14,0
293,48109,1,1
293,16549,2,0
293,24499,3,1
293,23836,4,1
293,48857,5,0
293,42736,6,0
293,19660,7,0
293,44661,8,0
293,34605,9,0
293,16611,10,0
293,31662,11,0
293,2228,12,0
293,48179,13,0
293,258,14,0
293,16262,15,0
293,21108,16,1
293,36481,17,0
293,21092,18,0
294,19934,1,1
294,9779,2,1
294,47119,3,1
295,19437,1,0
295,9839,2,1
295,261,3,1
295,432,4,1
296,15261,1,0
296,8518,2,0
296,14578,3,0
296,6287,4,0
297,28079,1,0
297,40898,2,0
297,20255,3,0
297,17484,4,0
297,26317,5,0
297,30385,6,0
297,27845,7,0
297,27104,8,0
297,46979,9,0
297,4605,10,0
297,4853,11,0
297,47766,12,0
297,28993,13,0
297,45,14,0
297,28849,15,0
297,41658,16,0
298,49026,1,1
298,19794,2,1
298,15518,3,1
298,15984,4,1
298,24859,5,0
298,46822,6,0
299,43154,1,1
299,14161,2,1
299,26604,3,0
299,39275,4,1
299,16797,5,0
299,12341,6,1
299,10326,7,0
300,47766,1,1
300,21903,2,1
300,47780,3,1
300,31553,4,1
301,36406,1,1
301,25010,2,1
301,45603,3,1
301,2966,4,1
301,35942,5,1
301,24549,6,1
302,49235,1,0
302,28427,2,0
302,47144,3,0
302,20463,4,0
302,1940,5,0
302,1181,6,1
302,4377,7,0
302,6473,8,0
302,8953,9,0
302,30391,10,1
302,22034,11,0
302,4086,12,0
302,260,13,0
303,42224,1,1
303,6184,2,0
303,13176,3,1
304,13198,1,1
304,28934,2,1
304,49683,3,1
304,13646,4,1
304,10305,5,1
304,29941,6,1
305,36372,1,1
305,44632,2,1
305,21709,3,1
305,2717,4,1
305,22556,5,1
305,17191,6,1
305,31964,7,1
306,35561,1,1
306,46955,2,1
306,45007,3,1
306,19057,4,1
306,39560,5,1
306,12144,6,1
306,25715,7,1
306,45633,8,1
306,27966,9,1
306,5785,10,1
306,13176,11,1
306,162,12,1
306,45767,13,1
306,35851,14,1
306,48726,15,1
306,4663,16,1
306,47144,17,1
307,15541,1,1
307,26152,2,1
307,10246,3,1
307,196,4,1
307,19660,5,0
307,18067,6,0
308,17025,1,0
308,32134,2,1
308,20574,3,1
308,12614,4,1
308,24852,5,0
308,45066,6,1
308,9076,7,1
308,8518,8,1
308,41220,9,0
308,18027,10,1
308,19019,11,0
309,13255,1,0
310,44042,1,0
310,44799,2,0
310,23909,3,0
310,21938,4,1
310,16464,5,0
310,7326,6,0
310,20031,7,0
310,32433,8,0
310,48702,9,1
310,42215,10,0
310,17322,11,0
310,39735,12,0
310,35825,13,0
310,48927,14,0
311,30233,1,1
311,13176,2,1
311,23801,3,0
311,42265,4,0
311,38837,5,0
312,39898,1,1
312,54,2,0
312,35359,3,0
314,27086,1,1
314,19398,2,1
314,20299,3,1
315,32429,1,1
315,39408,2,1
315,21137,3,1
315,43352,4,1
315,39275,5,1
315,18721,6,1
315,41376,7,1
315,26604,8,1
315,47766,9,1
315,15462,10,1
315,17616,11,1
315,45840,12,1
315,45724,13,1
315,47626,14,1
315,6184,15,1
315,23029,16,1
315,7781,17,1
315,3631,18,1
315,38777,19,1
315,40469,20,1
315,6587,21,0
315,45692,22,0
315,22525,23,1
315,13740,24,1
315,42383,25,1
315,48666,26,1
315,34941,27,0
315,42342,28,0
315,42327,29,0
315,12639,30,0
315,21511,31,1
315,47740,32,1
315,21272,33,0
315,6074,34,0
315,45681,35,1
315,46175,36,0
315,36115,37,1
315,45161,38,1
316,5258,1,1
316,31805,2,1
316,196,3,1
316,12341,4,1
316,21573,5,1
316,36051,6,0
316,19828,7,0
317,42450,1,1
317,42768,2,0
317,45007,3,0
317,47626,4,0
317,46969,5,0
317,18078,6,0
317,33294,7,0
317,27104,8,0
317,43673,9,0
317,2380,10,0
317,32256,11,0
317,24184,12,0
317,29079,13,0
317,45578,14,0
317,47734,15,0
317,49588,16,0
317,25005,17,0
317,47993,18,0
317,12276,19,0
317,36639,20,0
317,30953,21,0
318,21616,1,1
318,27939,2,1
318,22963,3,0
318,24830,4,0
318,21661,5,1
319,5337,1,1
319,13176,2,1
319,30827,3,1
319,38768,4,1
319,17207,5,0
319,41787,6,1
319,9387,7,0
319,39408,8,0
319,2515,9,0
320,39947,1,0
320,39275,2,0
320,14218,3,0
320,39032,4,0
320,16797,5,0
320,40348,6,0
321,21497,1,1
321,31683,2,1
321,33674,3,1
321,44661,4,1
321,24852,5,1
321,12099,6,1
321,21137,7,1
321,7781,8,1
321,27845,9,1
321,16885,10,1
321,28993,11,1
321,9808,12,1
321,42265,13,1
321,45066,14,1
321,4799,15,1
321,30489,16,1
321,27113,17,0
321,20040,18,0
321,21376,19,0
321,21850,20,0
321,2081,21,0
321,9076,22,1
322,13819,1,1
322,432,2,1
322,19311,3,1
322,36646,4,0
322,28842,5,1
322,41259,6,0
322,4605,7,0
322,46526,8,0
322,37011,9,0
323,47209,1,1
323,4451,2,1
323,24852,3,1
323,17027,4,1
323,27548,5,1
323,39121,6,1
323,21267,7,0
323,30442,8,0
323,14872,9,0
323,22888,10,1
323,6873,11,1
323,8277,12,1
324,32538,1,1
324,16797,2,1
324,19660,3,1
325,8559,1,0
325,8781,2,0
325,8671,3,0
325,27178,4,0
325,23405,5,0
326,429,1,1
326,35042,2,1
326,21010,3,1
326,27985,4,1
326,23219,5,1
326,43565,6,1
326,21491,7,1
326,5603,8,0
326,15290,9,1
326,11422,10,0
326,23102,11,0
326,22312,12,0
326,43742,13,0
326,2225,14,0
326,30623,15,0
326,5913,16,0
326,39477,17,0
327,19660,1,1
327,11974,2,1
327,26410,3,1
327,41621,4,1
327,33120,5,1
327,23459,6,0
327,32373,7,0
327,44683,8,1
328,43394,1,1
328,21137,2,1
328,13740,3,1
328,9438,4,1
328,15011,5,1
328,27845,6,1
328,24157,7,1
328,2237,8,1
328,5818,9,1
328,41165,10,1
328,35004,11,1
329,24852,1,1
329,33793,2,1
329,4210,3,1
329,11821,4,1
329,5077,5,1
329,19125,6,1
329,47660,7,1
329,2050,8,1
329,27681,9,1
329,47766,10,1
329,12621,11,1
329,48746,12,1
329,36291,13,1
329,16897,14,1
329,49621,15,1
329,46473,16,0
329,40319,17,0
329,33184,18,0
329,16219,19,0
329,38100,20,0
329,14290,21,0
329,22774,22,0
329,42736,23,1
329,39054,24,0
329,2350,25,0
329,23734,26,0
329,46654,27,1
329,45104,28,0
330,24024,1,1
330,10586,2,1
330,40761,3,1
330,20574,4,1
330,46802,5,0
331,44632,1,0
331,38456,2,0
331,25146,3,0
331,30884,4,0
331,17570,5,0
331,18105,6,0
331,6846,7,0
331,19125,8,0
331,17535,9,0
331,46257,10,0
331,38941,11,0
331,29256,12,0
331,19129,13,0
331,33198,14,0
331,28985,15,0
331,42731,16,0
331,37892,17,0
331,7628,18,0
331,34969,19,0
331,45,20,0
331,7419,21,0
331,41771,22,0
331,35072,23,0
331,38562,24,0
331,13176,25,0
331,47626,26,0
331,31553,27,0
331,15945,28,0
332,24852,1,1
332,28156,2,1
332,2962,3,1
332,28842,4,1
332,41352,5,0
332,18761,6,0
333,30169,1,1
333,46676,2,0
333,24838,3,1
333,39581,4,1
333,2091,5,0
333,12817,6,0
333,6991,7,0
334,28,1,1
334,40574,2,1
334,32544,3,1
334,34027,4,1
334,39407,5,1
334,17505,6,1
334,2966,7,1
335,16462,1,1
335,30442,2,0
335,42736,3,1
335,8277,4,0
335,27966,5,0
335,16797,6,1
335,38456,7,0
335,45007,8,0
335,21295,9,0
335,47766,10,0
335,24184,11,0
335,5134,12,1
335,30489,13,1
335,25936,14,1
335,691,15,1
335,8467,16,0
335,21302,17,0
336,6187,1,1
336,25146,2,1
336,8022,3,1
336,42342,4,1
336,9407,5,1
336,28204,6,1
336,19559,7,1
336,45681,8,1
336,31433,9,1
336,16083,10,1
336,24852,11,1
336,24964,12,1
336,17794,13,0
336,18656,14,0
336,18200,15,0
337,9839,1,1
337,27086,2,1
337,16773,3,1
337,21903,4,1
337,45437,5,1
337,47144,6,1
337,39409,7,1
337,8277,8,1
337,20345,9,1
337,43802,10,1
337,43192,11,1
337,46049,12,1
337,47668,13,1
337,4656,14,1
337,48171,15,1
337,37158,16,1
337,10166,17,1
337,26346,18,1
337,42736,19,1
337,43713,20,0
337,24852,21,1
337,48450,22,1
338,24852,1,1
338,43352,2,1
338,35221,3,1
338,11689,4,1
338,25197,5,1
338,15955,6,0
338,31268,7,1
338,3856,8,0
338,47626,9,1
338,26209,10,1
338,19348,11,1
338,33548,12,1
338,22298,13,0
338,37671,14,0
338,40742,15,1
338,12341,16,1
338,45066,17,1
338,33129,18,1
338,13823,19,0
338,38905,20,1
338,16797,21,1
338,1437,22,0
338,17341,23,0
338,17149,24,0
338,1737,25,1
338,15130,26,1
339,27639,1,1
339,30353,2,1
339,13176,3,1
339,11520,4,1
339,5456,5,1
339,45007,6,0
339,19678,7,1
340,26604,1,1
340,4945,2,1
340,2295,3,1
340,31504,4,1
340,14643,5,1
340,8277,6,1
340,13198,7,1
340,27845,8,1
340,8424,9,1
340,30994,10,1
340,4920,11,1
340,3874,12,1
340,25824,13,1
340,37119,14,1
340,33593,15,1
340,45681,16,1
340,1215,17,1
340,37029,18,0
340,49683,19,1
341,26165,1,1
342,36406,1,1
342,46906,2,1
342,12075,3,1
342,38809,4,1
342,19635,5,1
342,7139,6,1
342,37665,7,1
342,1450,8,0
342,39877,9,1
342,30169,10,1
342,33754,11,1
343,24852,1,1
343,16507,2,0
343,22825,3,1
343,17219,4,1
343,27845,5,1
343,3081,6,1
343,43428,7,0
344,7693,1,1
344,49520,2,1
344,35221,3,1
344,24152,4,0
344,42137,5,0
344,29689,6,1
344,47815,7,1
344,31992,8,1
345,1498,1,0
345,44843,2,0
345,49363,3,0
345,3996,4,1
345,1200,5,1
345,17505,6,1
345,8732,7,1
345,13287,8,1
345,14168,9,1
345,14705,10,1
345,17600,11,1
346,18523,1,1
346,47209,2,1
346,33787,3,1
346,33754,4,1
346,45104,5,1
346,34358,6,0
347,30776,1,1
347,48559,2,1
347,49026,3,1
347,27966,4,1
347,21903,5,1
347,44359,6,1
347,18689,7,1
347,47209,8,1
347,32864,9,1
347,24889,10,1
347,43086,11,1
347,17304,12,1
347,17948,13,1
347,1158,14,1
348,19348,1,1
348,8153,2,1
348,21573,3,1
348,9387,4,1
350,13176,1,1
350,5785,2,1
350,23288,3,1
350,44632,4,1
350,20119,5,1
350,2825,6,1
350,28156,7,1
350,22963,8,1
350,47209,9,1
350,5212,10,1
350,39877,11,1
350,22825,12,1
350,43122,13,0
350,23029,14,1
350,19987,15,1
350,37646,16,1
350,30529,17,1
350,8912,18,1
350,16384,19,0
350,39035,20,0
350,32647,21,1
351,33731,1,0
351,4799,2,0
351,35749,3,0
351,20791,4,0
351,41621,5,0
351,24841,6,1
351,10199,7,1
351,40215,8,1
351,22548,9,1
352,31915,1,1
352,47209,2,1
352,10749,3,1
352,13176,4,1
352,36606,5,1
352,13497,6,1
352,25533,7,0
352,35898,8,1
352,26452,9,1
352,4605,10,1
354,43352,1,0
354,47626,2,0
354,8174,3,0
354,23341,4,1
354,16219,5,0
354,17914,6,1
354,196,7,1
354,13966,8,1
354,31683,9,1
355,33548,1,1
355,44156,2,1
355,24852,3,1
355,21925,4,1
355,28204,5,1
355,7736,6,1
355,23296,7,1
355,23106,8,1
355,33791,9,1
355,20561,10,1
355,12524,11,1
355,40332,12,1
355,287,13,1
355,10995,14,1
355,13733,15,1
355,34619,16,1
355,16826,17,1
356,790,1,1
356,22556,2,1
356,13176,3,1
357,9852,1,0
357,26497,2,0
357,41176,3,0
357,44142,4,1
357,17389,5,0
358,907,1,1
358,769,2,1
358,48762,3,1
358,38775,4,1
358,45004,5,0
359,18770,1,1
359,39180,2,1
359,27086,3,1
359,39947,4,1
359,33731,5,1
359,44632,6,1
359,11941,7,1
359,22935,8,1
359,21709,9,1
359,28278,10,1
359,21267,11,1
359,26209,12,1
359,8087,13,1
359,22825,14,1
359,21903,15,1
359,39877,16,1
359,6873,17,0
359,3339,18,0
359,46979,19,1
359,18908,20,1
359,33401,21,1
359,3849,22,0
359,29898,23,1
359,27156,24,1
359,25659,25,0
359,37158,26,0
359,9515,27,0
360,742,1,0
360,29694,2,0
360,38051,3,0
360,16823,4,0
360,44580,5,0
360,42585,6,0
360,22234,7,0
360,35417,8,1
360,30489,9,0
360,43961,10,0
361,32433,1,0
361,28934,2,0
361,34358,3,0
361,46667,4,0
361,31717,5,0
361,20114,6,0
361,16759,7,0
361,391,8,0
361,36389,9,0
361,33746,10,0
361,41259,11,0
361,33294,12,0
361,18027,13,0
361,24852,14,0
361,8479,15,0
361,2846,16,0
361,17600,17,0
361,9076,18,0
361,10025,19,0
361,22307,20,0
361,39561,21,0
361,34448,22,0
361,48190,23,0
361,21137,24,0
362,10339,1,0
362,49519,2,0
362,48453,3,0
362,22832,4,0
362,48210,5,0
362,4455,6,0
362,1450,7,0
363,39877,1,1
363,13176,2,1
363,35140,3,1
363,36036,4,1
363,27999,5,0
363,30427,6,1
363,5876,7,1
364,13984,1,0
364,45007,2,1
364,39877,3,1
364,21903,4,1
364,5785,5,1
365,25466,1,0
365,14240,2,0
365,42265,3,0
366,3849,1,1
366,47209,2,1
366,21137,3,1
366,35951,4,1
366,9550,5,1
366,39905,6,1
366,38777,7,1
366,30391,8,1
366,41858,9,1
367,27845,1,1
367,24852,2,1
367,26384,3,1
367,26209,4,1
367,16908,5,1
367,47766,6,1
367,22170,7,1
367,28682,8,0
367,45066,9,1
367,24841,10,1
367,1935,11,0
367,21326,12,1
367,48628,13,0
367,46667,14,0
367,49481,15,0
367,46107,16,0
367,16797,17,0
367,23074,18,0
367,24231,19,0
368,31553,1,1
368,33772,2,1
368,23687,3,1
369,36051,1,0
369,19887,2,0
369,17122,3,0
369,37687,4,0
370,9690,1,1
370,41658,2,0
370,22935,3,1
370,27845,4,1
370,47553,5,0
370,49533,6,0
370,7021,7,0
370,41909,8,0
371,24852,1,1
371,27086,2,1
371,46820,3,1
371,21709,4,1
371,3952,5,1
371,21903,6,1
371,46620,7,1
371,46979,8,1
371,23094,9,1
371,2295,10,1
371,44765,11,1
371,18232,12,1
371,13877,13,0
372,18656,1,1
372,25824,2,0
372,45,3,0
372,8177,4,0
372,30305,5,0
372,39922,6,0
372,6015,7,0
373,47337,1,1
373,5097,2,1
373,41722,3,1
373,12218,4,1
373,35042,5,1
373,31022,6,0
373,40348,7,0
373,19461,8,0
374,38159,1,0
374,26606,2,0
374,5785,3,1
374,39527,4,1
374,43154,5,0
375,7559,1,0
375,2581,2,0
375,43122,3,0
375,1846,4,1
375,23516,5,1
375,38274,6,1
375,37642,7,1
375,8518,8,1
376,2716,1,1
376,47029,2,1
376,45210,3,1
376,35851,4,1
376,8277,5,1
376,16462,6,0
376,890,7,1
377,19678,1,1
377,21405,2,1
377,38383,3,1
377,38153,4,1
377,28928,5,1
377,18288,6,1
377,26032,7,1
377,29228,8,1
377,13805,9,1
377,33000,10,1
377,14129,11,1
378,13249,1,1
378,43693,2,1
379,12606,1,1
379,5450,2,1
379,46823,3,1
379,310,4,1
379,14678,5,1
379,26128,6,1
379,13176,7,1
379,44643,8,0
380,21137,1,0
380,21903,2,1
380,34358,3,1
380,42768,4,1
380,24852,5,0
380,39993,6,0
380,46906,7,1
380,27730,8,0
380,44479,9,0
380,46654,10,0
380,19508,11,0
380,3376,12,0
380,25890,13,0
380,35784,14,0
381,46123,1,1
381,33731,2,1
381,38689,3,1
381,6519,4,1
381,2966,5,1
381,21560,6,1
381,5479,7,1
381,27864,8,1
381,43961,9,1
381,2086,10,1
381,44449,11,1
381,30953,12,1
381,5383,13,1
381,32299,14,1
381,47209,15,0
381,41658,16,1
381,19019,17,1
381,5959,18,1
381,24382,19,1
381,35108,20,1
381,18564,21,1
381,40001,22,1
382,33198,1,1
382,31801,2,1
382,9038,3,1
382,21137,4,1
382,19660,5,1
382,7963,6,1
382,47717,7,1
382,45066,8,1
382,25256,9,1
382,9322,10,1
382,35628,11,1
382,22227,12,1
382,23630,13,1
382,27959,14,1
382,10212,15,1
382,21405,16,1
383,3678,1,1
384,30233,1,1
384,17619,2,0
384,26313,3,0
384,26209,4,1
384,33106,5,0
384,28842,6,1
384,13176,7,1
384,13866,8,1
385,28050,1,1
385,39619,2,1
385,18531,3,1
385,48679,4,1
385,8021,5,1
385,2086,6,0
387,12916,1,1
387,2457,2,1
387,13032,3,1
387,40688,4,1
387,39275,5,1
387,16797,6,1
387,32538,7,1
387,35561,8,1
387,19380,9,0
387,32403,10,1
387,19887,11,1
388,21841,1,1
388,30776,2,1
388,3957,3,1
388,8424,4,0
388,650,5,1
388,28360,6,1
388,15937,7,0
388,24964,8,1
388,34243,9,0
388,46667,10,0
388,20114,11,0
388,31717,12,0
388,4605,13,0
388,26209,14,1
388,8736,15,0
388,45603,16,1
388,44283,17,0
388,29871,18,0
388,10482,19,0
388,44257,20,1
388,32981,21,1
388,43961,22,1
388,17872,23,1
388,6740,24,0
388,45007,25,0
389,11781,1,0
389,16856,2,0
390,19660,1,1
390,34197,2,1
390,35503,3,1
390,3957,4,1
390,24447,5,1
390,39108,6,1
390,33198,7,1
390,1639,8,1
390,12039,9,1
390,3631,10,1
390,35628,11,1
390,8575,12,1
390,47042,13,1
390,29662,14,1
390,27925,15,1
390,44479,16,1
390,31717,17,1
390,7185,18,1
390,40996,19,1
390,14881,20,1
390,24964,21,1
390,8006,22,1
390,40706,23,1
390,26940,24,1
390,41065,25,1
390,29594,26,1
390,25005,27,0
390,33120,28,1
390,24830,29,1
390,2825,30,1
390,38274,31,1
390,22504,32,1
390,23516,33,0
390,5449,34,0
391,40910,1,0
391,9175,2,0
391,31299,3,0
391,8668,4,0
391,22233,5,0
391,36227,6,1
391,40285,7,0
391,44632,8,0
392,13944,1,1
392,28931,2,1
392,19309,3,1
392,17084,4,0
392,22915,5,0
392,16020,6,0
394,2855,1,1
394,26088,2,1
394,20955,3,1
394,42282,4,0
395,24852,1,1
395,35321,2,1
395,15319,3,0
395,3896,4,1
395,46616,5,0
395,30489,6,1
395,20114,7,1
395,24184,8,1
395,25513,9,0
395,20549,10,0
395,21616,11,0
395,40604,12,0
395,32284,13,0
396,26165,1,1
396,28990,2,0
396,8460,3,0
396,28511,4,0
396,8193,5,0
396,29487,6,0
396,44042,7,1
397,35547,1,1
397,47626,2,1
397,26209,3,1
398,39108,1,1
398,7781,2,1
398,18465,3,0
398,28985,4,0
398,30305,5,1
398,45007,6,0
398,16249,7,0
398,19906,8,0
398,7058,9,0
398,44683,10,0
398,38996,11,0
398,44234,12,0
398,24852,13,0
398,30620,14,0
398,41950,15,0
398,890,16,0
398,18880,17,0
398,7364,18,0
398,36070,19,0
398,25919,20,0
398,44142,21,0
398,3913,22,1
398,9076,23,0
398,43086,24,0
399,26369,1,0
400,37912,1,0
400,37766,2,0
400,5161,3,1
400,5785,4,1
400,43122,5,1
400,25340,6,1
400,41315,7,1
400,45066,8,1
400,28790,9,1
400,13176,10,1
400,37011,11,1
400,22935,12,1
400,17794,13,1
400,44359,14,0
400,7021,15,1
400,41544,16,0
400,39812,17,1
400,35333,18,0
400,34126,19,1
400,37508,20,1
400,43713,21,0
400,40377,22,0
400,18465,23,1
401,12863,1,1
401,13263,2,0
401,39009,3,1
402,14870,1,1
402,17594,2,1
402,25013,3,1
403,20119,1,1
403,26620,2,1
403,24852,3,1
403,22124,4,1
403,22035,5,1
403,432,6,1
403,6348,7,1
403,39475,8,1
403,25718,9,1
403,21709,10,0
403,35168,11,1
403,7969,12,0
403,47209,13,1
403,24964,14,1
403,41665,15,0
403,34401,16,0
403,42701,17,0
403,45007,18,1
403,33401,19,1
403,43789,20,0
403,32433,21,0
403,21903,22,1
403,41787,23,1
404,16797,1,1
404,39408,2,1
404,25802,3,1
404,21292,4,1
404,12341,5,1
404,43352,6,1
405,37687,1,1
405,25670,2,1
405,27307,3,1
405,13176,4,1
405,21709,5,1
405,459,6,1
405,23383,7,1
405,47792,8,1
405,47209,9,1
405,38647,10,1
405,11980,11,1
406,27596,1,1
406,37464,2,1
406,27344,3,1
406,21267,4,1
406,21841,5,1
406,6615,6,1
406,18441,7,1
406,5337,8,1
406,43713,9,1
406,13176,10,1
406,16349,11,1
406,46346,12,1
406,45957,13,1
406,25588,14,1
406,32850,15,1
406,4421,16,1
406,1376,17,0
406,23516,18,0
406,39619,19,0
406,11644,20,0
406,30336,21,0
406,24009,22,0
407,47672,1,0
407,30233,2,0
407,11777,3,0
407,27511,4,1
407,44142,5,1
407,11512,6,1
408,42004,1,0
408,24852,2,1
408,3529,3,1
408,33827,4,1
408,14421,5,1
408,39647,6,0
408,25918,7,0
408,5025,8,0
408,215,9,0
408,20370,10,1
408,42964,11,0
408,39097,12,1
408,20815,13,1
408,43568,14,0
408,19389,15,0
409,24852,1,1
409,18523,2,1
409,22124,3,1
409,26604,4,1
409,29487,5,1
409,9076,6,1
409,20754,7,0
409,49520,8,0
409,32747,9,0
410,49175,1,0
410,6292,2,1
410,40054,3,1
410,14764,4,1
410,6210,5,1
410,7010,6,1
410,25659,7,1
410,48104,8,1
410,34126,9,1
410,17794,10,1
410,46667,11,1
410,35595,12,1
410,18918,13,1
410,21195,14,1
411,20995,1,0
411,19677,2,1
411,21108,3,1
411,20899,4,1
411,34243,5,1
411,16823,6,1
412,1729,1,1
413,581,1,0
413,24852,2,1
413,25890,3,1
413,26620,4,1
413,41220,5,1
413,35221,6,0
413,26209,7,0
413,35939,8,1
413,28842,9,1
413,24184,10,0
413,46979,11,0
413,21903,12,0
413,43295,13,1
413,42342,14,0
413,32398,15,0
413,1483,16,0
415,16939,1,0
415,45064,2,0
415,11154,3,0
415,9605,4,0
415,6187,5,0
415,27801,6,0
415,22620,7,0
415,40002,8,0
415,18987,9,0
415,28473,10,0
415,15359,11,0
415,27243,12,0
415,42620,13,0
415,2525,14,0
415,15417,15,0
415,3518,16,0
415,40424,17,0
415,29196,18,0
415,16185,19,0
416,30639,1,0
416,27817,2,0
417,30450,1,0
417,4149,2,0
417,17207,3,0
417,22610,4,1
417,6793,5,1
419,31964,1,1
419,34276,2,1
419,1891,3,0
419,31510,4,0
419,36737,5,1
419,6606,6,0
420,34824,1,1
420,24964,2,1
420,35939,3,1
420,7456,4,0
420,41920,5,1
420,47209,6,1
420,26769,7,0
420,9327,8,1
420,6020,9,0
421,2855,1,0
421,28204,2,0
421,17666,3,0
421,27344,4,0
421,27690,5,0
421,40229,6,0
421,46584,7,0
422,13221,1,0
422,19678,2,1
422,31995,3,1
422,25718,4,0
422,6948,5,1
422,20280,6,0
422,48720,7,0
422,24964,8,1
422,26800,9,0
422,31506,10,1
422,20015,11,0
422,35815,12,0
423,24852,1,1
423,6278,2,1
423,14159,3,1
423,42538,4,1
423,29615,5,1
423,44042,6,1
423,12782,7,1
423,7241,8,1
423,24504,9,1
423,6052,10,1
423,25830,11,1
423,42736,12,1
423,5884,13,1
423,25804,14,1
423,47185,15,1
423,12807,16,1
423,26767,17,1
423,39910,18,1
424,31651,1,1
424,27839,2,1
425,33290,1,0
425,26499,2,0
425,18465,3,1
425,11068,4,1
425,16185,5,1
425,21681,6,0
425,16797,7,1
425,45066,8,0
425,22825,9,1
425,47209,10,1
425,16466,11,1
425,40982,12,1
425,46352,13,1
425,38533,14,0
425,34427,15,0
425,49235,16,1
426,47209,1,1
426,26209,2,1
426,8518,3,0
426,35939,4,0
426,34969,5,0
426,34358,6,1
426,31717,7,0
426,47719,8,1
426,5514,9,1
426,27966,10,1
426,37646,11,1
426,22113,12,1
426,44632,13,1
426,432,14,1
426,16797,15,1
426,31683,16,1
426,39275,17,0
426,20995,18,1
427,5102,1,0
427,35383,2,1
427,43461,3,0
427,41277,4,0
427,3039,5,0
427,13194,6,0
427,29698,7,1
427,5199,8,0
427,29881,9,0
427,4210,10,1
428,46822,1,1
429,37993,1,0
429,47083,2,0
429,18201,3,0
429,204,4,0
429,45664,5,0
429,23782,6,0
429,36545,7,0
429,19366,8,0
429,22031,9,0
429,48885,10,0
429,5251,11,0
429,19445,12,0
429,8136,13,0
430,13176,1,1
430,28204,2,1
430,8277,3,1
430,48110,4,1
430,47209,5,1
431,27690,1,1
431,13176,2,1
431,28054,3,1
431,5077,4,1
431,27464,5,1
431,10749,6,1
431,49235,7,1
431,22582,8,1
431,15950,9,1
431,43768,10,1
431,21137,11,1
431,28204,12,0
431,43122,13,1
431,21938,14,1
431,21903,15,1
431,27156,16,1
431,4487,17,1
431,12597,18,1
431,5994,19,1
431,46979,20,1
431,31927,21,1
431,13829,22,1
431,14553,23,1
431,47759,24,1
431,49267,25,0
431,8193,26,0
431,47626,27,1
431,25005,28,1
431,22935,29,1
431,44359,30,1
431,22849,31,1
431,11992,32,1
431,37029,33,1
431,46993,34,1
431,22720,35,1
431,13280,36,0
432,35951,1,1
432,47626,2,1
432,17795,3,1
432,36695,4,1
432,27104,5,1
432,22935,6,1
432,34243,7,1
432,25272,8,1
432,35163,9,1
432,42768,10,1
432,25931,11,1
432,30975,12,0
432,12113,13,0
432,5025,14,0
432,14704,15,0
433,41290,1,1
433,27845,2,1
433,44560,3,1
433,13838,4,1
433,24411,5,1
433,29662,6,1
433,19057,7,1
433,13802,8,0
433,6873,9,0
433,43768,10,1
433,36695,11,1
434,4781,1,1
434,18656,2,0
434,29675,3,1
434,13780,4,0
434,5769,5,1
434,22935,6,0
434,9036,7,1
434,45066,8,1
434,30290,9,1
434,16145,10,1
434,20316,11,1
434,7485,12,1
434,17200,13,1
434,12409,14,0
434,20957,15,0
434,39971,16,0
434,43086,17,0
434,42265,18,0
435,23288,1,1
435,14399,2,1
435,8193,3,1
435,24846,4,1
435,3631,5,1
435,4781,6,1
435,9028,7,1
435,46616,8,1
435,36070,9,1
435,46372,10,1
435,8424,11,1
435,13176,12,1
435,29307,13,0
436,8021,1,1
436,19990,2,0
436,32689,3,0
436,33731,4,0
436,23115,5,1
436,32869,6,0
438,47402,1,1
439,5782,1,1
439,32211,2,0
439,45064,3,0
439,2525,4,0
439,12606,5,0
439,42147,6,0
439,6128,7,0
439,45938,8,0
439,940,9,1
439,42184,10,1
439,41523,11,0
439,26209,12,0
439,22282,13,0
439,44224,14,0
440,23909,1,1
440,1376,2,1
440,46331,3,1
440,21137,4,1
440,27548,5,0
440,21949,6,0
440,38374,7,0
440,45541,8,0
440,3667,9,0
440,4486,10,0
440,20039,11,0
440,40329,12,0
440,27307,13,0
440,21616,14,1
440,45200,15,1
440,9472,16,1
441,48665,1,1
441,35378,2,0
441,9387,3,1
441,17794,4,0
441,9824,5,0
441,1281,6,0
441,43329,7,0
441,8747,8,0
441,49203,9,1
441,45656,10,1
441,32030,11,1
441,13544,12,1
442,17872,1,1
442,39732,2,0
442,40031,3,0
442,47766,4,1
442,27845,5,1
442,44765,6,0
442,4421,7,1
442,35951,8,1
442,9385,9,0
443,8056,1,1
443,11520,2,1
443,2480,3,1
443,22825,4,1
443,36913,5,1
443,41340,6,0
443,2269,7,1
443,16501,8,1
443,33946,9,1
443,39013,10,0
444,22952,1,0
444,10504,2,0
444,35042,3,0
444,38230,4,0
444,46720,5,0
444,12382,6,0
444,26318,7,1
444,2918,8,0
444,15333,9,0
444,32655,10,0
445,7862,1,0
445,13097,2,0
446,28442,1,0
446,19624,2,0
446,48519,3,0
446,26209,4,1
446,49605,5,1
446,3947,6,0
447,21162,1,1
447,18176,2,1
447,22935,3,0
447,25659,4,1
447,18434,5,1
447,24964,6,1
447,4855,7,1
447,39877,8,0
447,19678,9,0
447,11112,10,0
448,29987,1,1
448,32812,2,1
448,21019,3,1
448,24852,4,1
449,21195,1,0
449,10258,2,1
449,7751,3,0
449,17862,4,0
449,17902,5,0
449,43371,6,0
449,43692,7,0
449,42475,8,1
449,11759,9,1
449,12271,10,1
449,13535,11,0
449,21292,12,1
449,8571,13,1
449,12732,14,0
450,18673,1,1
450,14519,2,0
450,20747,3,0
450,42677,4,0
450,47657,5,0
450,16170,6,1
450,43502,7,1
450,32300,8,0
450,39891,9,1
451,24852,1,1
451,28204,2,1
451,4920,3,1
451,46906,4,1
451,38383,5,0
451,26209,6,1
451,31717,7,1
451,10017,8,1
453,26165,1,1
453,39108,2,1
453,34448,3,1
453,38739,4,1
453,7043,5,1
453,11352,6,1
453,3382,7,1
453,34065,8,1
453,43713,9,1
453,49533,10,1
453,8025,11,1
453,878,12,1
453,27735,13,1
453,9424,14,1
453,895,15,0
453,37067,16,1
453,18135,17,0
453,23537,18,0
454,14074,1,1
454,48925,2,1
454,15366,3,1
454,12004,4,1
454,38837,5,1
454,34939,6,1
454,47766,7,1
454,23634,8,1
454,29487,9,1
454,31612,10,1
454,32734,11,1
454,26751,12,1
454,5640,13,1
454,13870,14,1
454,31258,15,1
454,23094,16,1
454,42265,17,1
454,20119,18,1
454,16848,19,1
454,20995,20,1
454,36149,21,1
454,41844,22,1
454,45788,23,1
454,16174,24,1
454,13712,25,1
454,28123,26,1
454,37766,27,1
454,7969,28,1
454,2086,29,1
454,19468,30,1
454,8021,31,1
454,20580,32,1
454,1618,33,1
454,46206,34,1
454,19057,35,1
454,23125,36,1
454,8774,37,1
454,34217,38,1
454,21002,39,0
454,46979,40,0
454,5994,41,1
454,26010,42,0
454,16710,43,0
454,48957,44,0
455,20738,1,1
455,24852,2,1
455,5991,3,0
455,14467,4,0
457,22882,1,0
457,27966,2,1
457,32566,3,1
457,32239,4,1
457,26209,5,1
457,3308,6,1
457,18523,7,1
457,14999,8,1
457,21883,9,1
457,47141,10,1
457,41273,11,1
457,9387,12,1
457,5068,13,1
457,46572,14,0
457,47862,15,1
457,39646,16,1
458,22935,1,1
458,5450,2,0
458,18479,3,0
459,36070,1,0
459,49683,2,1
459,33846,3,0
459,27435,4,1
459,42633,5,0
459,9387,6,1
459,47626,7,1
459,30756,8,0
459,43295,9,0
459,16797,10,1
459,11777,11,0
459,14320,12,1
459,22129,13,1
459,48123,14,0
459,16325,15,0
459,31553,16,0
459,34126,17,0
459,2966,18,0
459,45116,19,1
459,18891,20,0
459,41058,21,0
459,43530,22,1
459,12548,23,0
459,6631,24,1
460,39993,1,0
460,28601,2,0
460,6719,3,0
460,14705,4,0
460,41238,5,0
461,47209,1,1
461,26209,2,1
461,29315,3,1
461,32156,4,1
461,39351,5,1
461,37320,6,1
461,11821,7,1
461,723,8,0
461,46175,9,1
461,25745,10,0
461,6414,11,1
461,15638,12,0
461,22717,13,0
461,39620,14,0
461,47962,15,0
461,32133,16,0
461,1138,17,0
461,10321,18,0
461,21781,19,1
461,44925,20,0
461,38407,21,0
461,1313,22,1
461,19068,23,1
461,41065,24,0
461,19048,25,0
461,37646,26,0
461,47626,27,0
461,38889,28,1
461,40997,29,1
462,42536,1,1
462,26949,2,1
462,47766,3,1
462,21137,4,1
462,39275,5,1
462,12932,6,1
462,43961,7,1
462,16848,8,0
462,47059,9,0
462,47222,10,0
462,40396,11,0
462,40709,12,0
462,36397,13,1
463,36051,1,0
464,432,1,1
464,24852,2,1
464,28842,3,1
464,26209,4,1
464,27086,5,1
464,5025,6,1
464,20114,7,1
464,3896,8,1
464,32429,9,1
464,22210,10,1
464,22969,11,1
464,36085,12,1
464,13025,13,1
464,16508,14,1
464,27521,15,1
464,21162,16,1
464,4605,17,1
464,37221,18,0
464,44683,19,1
464,5818,20,0
464,10199,21,0
464,40078,22,0
464,9006,23,1
464,10644,24,0
464,27913,25,0
464,38984,26,1
464,22591,27,0
465,27104,1,0
465,28204,2,0
465,18232,3,0
465,18200,4,0
465,47823,5,0
466,12614,1,1
466,47766,2,1
466,35939,3,1
466,45763,4,1
466,16617,5,1
466,37664,6,1
466,34429,7,1
466,41578,8,0
466,43262,9,0
466,2966,10,1
467,32734,1,1
467,33731,2,1
467,48352,3,1
467,30489,4,1
467,49683,5,1
467,9698,6,0
467,6489,7,0
467,5517,8,0
467,47059,9,1
467,40878,10,0
467,32433,11,0
467,5959,12,1
467,39408,13,0
467,8174,14,1
467,248,15,0
467,14739,16,0
467,7413,17,0
467,3661,18,0
467,24518,19,0
467,13425,20,0
468,21616,1,1
468,28986,2,1
469,8903,1,0
469,24238,2,0
469,32569,3,0
469,39276,4,1
469,48527,5,1
469,35989,6,1
469,35221,7,1
470,14084,1,1
470,40174,2,0
470,44632,3,1
470,24561,4,0
470,16254,5,1
470,44422,6,0
470,37257,7,1
470,44728,8,1
470,46812,9,0
471,8193,1,0
471,10814,2,0
471,40585,3,0
471,16185,4,0
471,5337,5,0
471,19415,6,1
471,17835,7,0
471,35838,8,0
472,11422,1,1
472,14233,2,1
472,6182,3,1
472,27966,4,1
472,27845,5,1
472,13245,6,0
475,8467,1,1
475,24852,2,1
475,9515,3,0
475,28204,4,0
475,48205,5,0
476,11408,1,0
476,18918,2,0
476,29987,3,1
476,32655,4,0
476,2962,5,0
477,34407,1,0
477,26497,2,0
478,13755,1,1
478,37940,2,1
478,17965,3,1
478,49144,4,1
478,10145,5,0
478,12333,6,0
478,15905,7,1
479,5393,1,1
479,9020,2,1
479,46171,3,1
479,28755,4,1
479,38289,5,1
479,27817,6,1
479,41658,7,0
480,40261,1,1
480,20119,2,1
480,33791,3,1
480,24852,4,1
480,21472,5,0
480,35199,6,1
480,43967,7,0
480,40332,8,1
481,27323,1,1
481,40600,2,1
481,13536,3,1
481,1581,4,1
481,28647,5,1
482,33240,1,0
482,508,2,0
482,15177,3,0
482,8639,4,0
482,14089,5,0
482,16766,6,0
482,38164,7,1
482,36216,8,1
482,2611,9,1
482,32647,10,1
482,39468,11,1
482,31693,12,1
482,8912,13,1
482,12492,14,0
482,28851,15,1
482,28535,16,1
482,13176,17,0
482,34197,18,0
482,3840,19,0
482,39275,20,0
483,40469,1,1
483,5067,2,1
483,34921,3,1
483,32562,4,1
483,6265,5,1
483,47758,6,1
483,17675,7,1
484,12341,1,1
484,20776,2,0
484,16797,3,1
485,9558,1,1
485,23296,2,1
485,33548,3,1
485,23106,4,1
485,44156,5,1
485,46817,6,1
486,10060,1,1
486,13176,2,1
486,1463,3,1
486,22035,4,1
486,34230,5,1
486,8670,6,1
486,22935,7,1
486,10436,8,1
486,3952,9,1
487,13176,1,1
487,26915,2,1
487,47209,3,1
487,37646,4,1
487,10912,5,1
487,22211,6,1
487,27966,7,1
487,21777,8,1
487,48610,9,1
487,1373,10,1
487,32352,11,1
488,45066,1,1
488,9036,2,1
488,5876,3,1
488,26209,4,1
488,43122,5,1
488,24838,6,1
488,41565,7,1
489,6195,1,1
489,22025,2,0
489,6825,3,0
489,46676,4,1
489,15030,5,1
489,21709,6,0
490,44422,1,0
490,45965,2,0
490,29447,3,1
490,24706,4,1
490,48491,5,1
490,16797,6,1
490,32139,7,1
490,21903,8,1
490,12597,9,1
490,15630,10,0
490,47766,11,1
490,42701,12,1
490,11250,13,1
490,6348,14,1
490,44632,15,1
490,11193,16,1
490,36076,17,1
490,22025,18,1
490,17835,19,1
490,39877,20,1
490,7041,21,1
490,42625,22,0
491,35221,1,1
491,44632,2,1
491,13176,3,1
491,43961,4,1
491,5973,5,1
491,12686,6,1
491,13380,7,1
491,27737,8,0
491,28458,9,0
491,23148,10,0
491,34217,11,0
491,24195,12,1
491,6669,13,1
491,25762,14,0
491,4697,15,0
491,2999,16,0
493,1940,1,0
493,24852,2,1
493,24024,3,1
493,21137,4,1
493,27966,5,1
493,19173,6,1
493,26604,7,1
493,28928,8,1
493,19057,9,1
493,14858,10,1
493,22035,11,1
493,49273,12,1
493,26283,13,1
493,45,14,1
493,5450,15,0
493,20015,16,1
493,33731,17,1
493,25093,18,0
493,14992,19,1
493,40706,20,1
493,8424,21,1
493,21903,22,1
493,48595,23,0
493,24489,24,0
494,27730,1,1
494,40001,2,1
494,46069,3,1
494,11140,4,1
494,30494,5,1
494,43988,6,1
494,41860,7,1
494,30489,8,1
494,32486,9,0
494,45123,10,1
494,7821,11,0
494,9438,12,1
495,18860,1,1
495,8153,2,1
495,41131,3,1
496,742,1,0
496,14992,2,0
496,17461,3,1
498,20940,1,1
498,16797,2,1
498,12341,3,1
498,21288,4,1
498,20955,5,1
498,25133,6,1
498,8048,7,1
498,32455,8,1
498,21292,9,1
498,43352,10,1
498,46931,11,1
499,19450,1,0
499,26620,2,1
499,5456,3,0
499,46650,4,0
499,22935,5,1
499,24964,6,1
500,21903,1,1
500,34969,2,1
500,13517,3,1
500,17795,4,1
500,24852,5,1
501,43295,1,1
501,13176,2,1
501,23579,3,1
501,20693,4,1
501,20113,5,1
501,18352,6,1
501,7963,7,1
501,27344,8,1
501,35163,9,1
501,33000,10,1
501,3884,11,0
501,27966,12,1
501,34335,13,0
501,36702,14,0
501,42508,15,1
502,38672,1,1
502,24749,2,0
502,11827,3,1
502,45296,4,1
502,196,5,1
502,23888,6,1
502,32428,7,1
503,24024,1,0
503,39468,2,0
503,15290,3,1
503,39643,4,1
503,22935,5,1
503,21938,6,1
503,21137,7,1
503,47209,8,1
504,19894,1,0
504,2237,2,0
504,6628,3,0
504,49533,4,1
504,5025,5,0
504,15392,6,1
504,19678,7,1
504,22935,8,1
504,14540,9,1
504,17316,10,1
504,34358,11,1
504,5077,12,1
504,23130,13,1
504,21560,14,1
504,2994,15,1
504,35678,16,0
504,26242,17,0
504,3098,18,0
504,12442,19,0
504,33290,20,0
505,4724,1,1
505,16283,2,1
505,30827,3,0
505,8048,4,0
505,37687,5,0
506,32768,1,1
506,24852,2,1
506,47626,3,1
506,5818,4,1
506,35042,5,1
506,38379,6,0
506,31506,7,1
506,5025,8,1
506,42625,9,1
506,38797,10,1
506,5744,11,0
506,19691,12,0
506,4853,13,0
507,8580,1,0
507,9075,2,0
507,44051,3,0
507,1185,4,0
507,659,5,0
508,13176,1,1
508,34,2,1
508,21903,3,1
508,30406,4,1
508,4799,5,1
508,21850,6,1
508,15937,7,1
508,13031,8,1
508,34358,9,0
509,11520,1,1
509,31459,2,1
509,4579,3,0
509,29139,4,0
509,38400,5,0
509,16757,6,1
509,34190,7,1
509,38557,8,0
510,26604,1,1
510,43352,2,1
510,13176,3,1
511,40396,1,1
512,18465,1,1
512,13176,2,1
512,21137,3,1
512,6187,4,0
514,47209,1,1
514,34214,2,1
514,5449,3,1
514,7131,4,0
515,38567,1,1
515,2825,2,1
515,20011,3,1
515,40706,4,1
515,29722,5,1
515,35561,6,1
515,41066,7,1
515,11807,8,1
515,644,9,1
515,38618,10,1
515,41437,11,1
515,46069,12,1
515,44471,13,1
515,13176,14,1
515,35168,15,1
516,45,1,1
516,24852,2,1
516,20774,3,1
516,16397,4,1
516,7925,5,1
516,34407,6,0
516,32784,7,0
516,19800,8,0
516,11461,9,0
516,29553,10,0
518,47766,1,1
518,42585,2,1
518,39013,3,1
518,45007,4,1
518,13176,5,1
518,38609,6,0
518,17794,7,0
518,8193,8,1
519,21137,1,1
519,45066,2,0
520,16521,1,1
520,27086,2,1
520,39180,3,1
520,43192,4,1
520,24846,5,1
520,16262,6,0
520,35383,7,0
520,22537,8,0
520,19451,9,1
521,13874,1,1
521,40723,2,1
521,48637,3,1
521,41570,4,0
521,23537,5,0
521,43920,6,0
521,22627,7,0
521,21137,8,1
521,17038,9,0
521,19660,10,1
522,32611,1,1
522,31130,2,0
522,13292,3,1
522,30489,4,1
522,17706,5,0
522,26209,6,1
522,34126,7,1
522,24852,8,1
522,41950,9,1
522,10251,10,0
522,25340,11,1
522,1862,12,1
522,46676,13,1
522,2344,14,0
522,25837,15,0
522,35939,16,0
522,24184,17,0
522,30391,18,0
522,45200,19,0
522,31444,20,0
523,38689,1,1
523,25133,2,1
523,18234,3,1
524,7926,1,0
524,38051,2,0
524,1938,3,0
524,38689,4,0
524,34993,5,0
524,17183,6,0
525,5025,1,0
525,3631,2,1
525,47503,3,0
525,48679,4,1
525,22900,5,0
525,31506,6,1
525,21616,7,1
525,27930,8,1
525,47630,9,1
525,40706,10,1
526,38241,1,1
526,33548,2,1
526,46817,3,1
526,9387,4,1
526,12302,5,1
526,47977,6,1
526,36316,7,1
526,1831,8,1
526,27275,9,1
526,32553,10,1
526,23085,11,1
526,30353,12,1
526,1940,13,1
526,22489,14,1
526,46041,15,0
526,12191,16,1
526,1752,17,0
526,33397,18,1
527,35147,1,1
527,49235,2,1
527,15074,3,0
527,13852,4,1
527,6765,5,0
527,12980,6,0
527,37825,7,0
527,21903,8,1
527,35939,9,0
527,24799,10,0
527,8309,11,0
527,17461,12,0
527,41593,13,0
528,46785,1,0
528,40897,2,1
528,22182,3,1
528,44799,4,1
529,41844,1,0
529,43263,2,0
529,40212,3,1
529,31433,4,0
529,37066,5,0
529,33819,6,0
529,16464,7,0
529,6348,8,0
529,36058,9,0
529,33351,10,0
529,1069,11,0
529,26040,12,1
529,27730,13,1
529,24852,14,1
529,10492,15,0
529,40338,16,0
529,18811,17,0
529,17872,18,1
529,32299,19,0
529,43076,20,0
529,28384,21,0
529,4006,22,0
529,4656,23,1
529,16953,24,0
529,35909,25,1
530,3957,1,1
530,25371,2,1
531,32911,1,0
531,17429,2,0
531,1359,3,0
531,46962,4,0
531,38903,5,0
532,46665,1,0
532,33198,2,1
532,48857,3,1
532,42817,4,1
533,47766,1,1
533,8277,2,1
533,21903,3,0
533,41220,4,1
533,21137,5,1
533,44819,6,0
534,43379,1,0
535,29642,1,1
535,31500,2,1
535,19189,3,0
535,35315,4,0
535,45004,5,1
536,2078,1,0
536,5785,2,0
536,7781,3,0
536,6297,4,0
536,23375,5,0
536,19057,6,0
536,36724,7,0
536,18370,8,0
537,1511,1,1
537,33120,2,1
537,21137,3,1
537,9076,4,1
537,21955,5,1
537,41844,6,0
537,19057,7,1
538,39947,1,1
538,44632,2,1
538,5876,3,1
538,18918,4,1
538,24489,5,1
538,21828,6,1
538,4461,7,0
538,31338,8,1
538,44120,9,0
539,35951,1,1
539,39190,2,1
539,48846,3,1
539,13740,4,1
539,5194,5,1
539,47521,6,1
539,24852,7,1
539,22220,8,1
539,24157,9,1
539,12154,10,1
539,38527,11,1
539,24841,12,1
539,41793,13,1
539,46229,14,1
539,17974,15,1
539,36537,16,1
539,38256,17,1
539,2067,18,1
539,19115,19,1
539,25340,20,1
539,28204,21,0
539,35708,22,0
539,47717,23,1
539,10551,24,0
539,14627,25,0
539,39322,26,0
540,5067,1,1
540,32478,2,1
541,11365,1,1
541,16797,2,0
541,43352,3,1
542,14650,1,1
542,21543,2,1
542,13176,3,1
542,8667,4,1
543,27323,1,0
543,7819,2,0
543,7644,3,0
544,26768,1,1
544,35734,2,0
544,7401,3,0
544,13212,4,0
544,43295,5,1
544,35921,6,0
544,28769,7,1
544,5025,8,0
544,95,9,0
544,31506,10,1
544,21903,11,1
544,19057,12,1
544,39928,13,1
544,24852,14,1
544,1999,15,0
544,24964,16,1
544,17794,17,1
544,28842,18,1
544,18479,19,1
544,45007,20,1
544,40706,21,1
544,17948,22,1
544,2094,23,0
545,34668,1,0
545,17487,2,0
546,2716,1,1
546,45210,2,1
546,48726,3,1
546,48946,4,0
546,44632,5,1
546,21709,6,1
546,37276,7,1
546,44165,8,1
546,12033,9,1
546,31126,10,1
546,43165,11,1
546,28353,12,1
546,22164,13,1
546,25948,14,1
546,31886,15,1
546,38164,16,1
546,3398,17,1
546,13898,18,1
546,33716,19,1
546,35708,20,1
546,7139,21,1
546,46616,22,1
546,29077,23,1
546,23017,24,1
546,34668,25,1
546,29607,26,0
546,1463,27,1
546,27086,28,1
546,27247,29,1
546,25225,30,0
546,47621,31,1
547,43221,1,1
547,7017,2,1
547,3374,3,1
547,22556,4,0
547,10619,5,0
547,5782,6,1
547,27578,7,1
547,44594,8,1
547,30889,9,1
547,43772,10,1
547,44487,11,1
547,49060,12,1
547,10851,13,1
547,37619,14,1
548,20448,1,0
549,4142,1,1
549,30985,2,1
549,24891,3,1
549,44389,4,1
549,4586,5,1
549,23375,6,1
549,20082,7,1
549,26209,8,1
549,36651,9,1
549,31553,10,0
549,4421,11,1
549,12456,12,1
549,2452,13,1
549,17789,14,1
549,3628,15,1
549,22369,16,0
549,25499,17,0
549,37975,18,0
549,48554,19,0
549,42069,20,0
549,26790,21,0
549,47167,22,0
549,31504,23,0
549,4812,24,0
549,21162,25,0
549,34745,26,0
549,31657,27,0
549,46352,28,0
549,43788,29,0
549,40982,30,0
549,12591,31,0
549,16466,32,0
549,21806,33,0
549,11212,34,0
549,44557,35,0
549,436,36,0
550,8048,1,1
550,22507,2,1
551,24852,1,1
551,43662,2,1
551,8309,3,1
551,30489,4,1
551,8277,5,1
551,28465,6,1
551,30795,7,0
551,47630,8,0
552,4091,1,1
552,33452,2,1
552,37011,3,0
552,5268,4,1
553,6948,1,1
553,22035,2,1
553,8467,3,1
553,28427,4,1
553,17419,5,1
553,2855,6,1
553,5876,7,1
553,40724,8,1
554,10032,1,1
554,31981,2,1
554,32141,3,0
554,129,4,1
555,14992,1,1
555,38689,2,1
555,16185,3,1
555,47766,4,1
555,42828,5,1
555,29574,6,1
555,41787,7,1
555,47788,8,1
555,46979,9,1
555,47626,10,1
